runName,DataFile,LineFile,redshift,N_Fits,ContiWindows,LineWindows,useBalmer,useFe,Fe_uv,Fe_opt,lineShift,smoothStddev,clipStddev,clipBoxWidth,clipBufferWidth,plotWindow,lineComplexInd
g1031573-184633_WiFeS,data/g1031573-184633_WiFeS.csv,Lines/Lines_Hbeta_OIII.csv,0.040415,20,4175-4225 | 4500-4600 | 5650-5750 | 6150-6250,4811-5057,0,1,0,0,0,0,0,50,3,4550-5150,0
g1031573-184633_6dFGS,data/g1031573-184633_6dFGS.csv,Lines/Lines_Hbeta_OIII.csv,0.040415,20,4175-4225 | 4500-4600 | 5650-5750 | 6150-6250,4811-5057,0,1,0,0,0,0,0,50,3,4550-5150,0
g1110588-744628_WiFeS,data/g1110588-744628_WiFeS.csv,Lines/Lines_Hbeta_OIII.csv,0.041562,20,4175-4225 | 4500-4600 | 5650-5750 | 6150-6250,4811-5057,0,1,0,0,0,0,0,50,3,4550-5150,0
g1110588-744628_6dFGS,data/g1110588-744628_6dFGS.csv,Lines/Lines_Hbeta_OIII.csv,0.041562,20,4175-4225 | 4500-4600 | 5650-5750 | 6150-6250,4811-5057,0,1,0,0,0,0,0,50,3,4550-5150,0
g1321353-001306_WiFeS,data/g1321353-001306_WiFeS.csv,Lines/Lines_Hbeta_OIII.csv,0.082221,20,4175-4225 | 4500-4600 | 5650-5750 | 6150-6250,4811-5057,0,1,0,0,0,0,0,50,3,4550-5150,0
g1321353-001306_6dFGS,data/g1321353-001306_6dFGS.csv,Lines/Lines_Hbeta_OIII.csv,0.082221,20,4175-4225 | 4500-4600 | 5650-5750 | 6150-6250,4811-5057,0,1,0,0,0,0,0,50,3,4550-5150,0
g1628484-030408_WiFeS,data/g1628484-030408_WiFeS.csv,Lines/Lines_Hbeta_OIII.csv,0.092894,20,4175-4225 | 4500-4600 | 5650-5750 | 6150-6250,4811-5057,0,1,0,0,0,0,0,50,3,4550-5150,0
g1628484-030408_6dFGS,data/g1628484-030408_6dFGS.csv,Lines/Lines_Hbeta_OIII.csv,0.092894,20,4175-4225 | 4500-4600 | 5650-5750 | 6150-6250,4811-5057,0,1,0,0,0,0,0,50,3,4550-5150,0
g1926311-191703_WiFeS,data/g1926311-191703_WiFeS.csv,Lines/Lines_Hbeta_OIII.csv,0.083398,20,4175-4225 | 4500-4600 | 5650-5750 | 6150-6250,4811-5057,0,1,0,0,0,0,0,50,3,4550-5150,0
g1926311-191703_6dFGS,data/g1926311-191703_6dFGS.csv,Lines/Lines_Hbeta_OIII.csv,0.083398,20,4175-4225 | 4500-4600 | 5650-5750 | 6150-6250,4811-5057,0,1,0,0,0,0,0,50,3,4550-5150,0
g1824306-511224_WiFeS,data/g1824306-511224_WiFeS.csv,Lines/Lines_Hbeta_OIII.csv,0.078549,20,4175-4225 | 4500-4600 | 5650-5750 | 6150-6250,4811-5057,0,1,0,0,0,0,0,50,3,4550-5150,0
g1824306-511224_6dFGS,data/g1824306-511224_6dFGS.csv,Lines/Lines_Hbeta_OIII.csv,0.078549,20,4175-4225 | 4500-4600 | 5650-5750 | 6150-6250,4811-5057,0,1,0,0,0,0,0,50,3,4550-5150,0
g1410487-364412_WiFeS,data/g1410487-364412_WiFeS.csv,Lines/Lines_Hbeta_OIII.csv,0.062627,20,4175-4225 | 4500-4600 | 5650-5750 | 6150-6250,4811-5057,0,1,0,0,0,0,0,50,3,4550-5150,0
g1410487-364412_6dFGS,data/g1410487-364412_6dFGS.csv,Lines/Lines_Hbeta_OIII.csv,0.062627,20,4175-4225 | 4500-4600 | 5650-5750 | 6150-6250,4811-5057,0,1,0,0,0,0,0,50,3,4550-5150,0
g2039272-301852_WiFeS,data/g2039272-301852_WiFeS.csv,Lines/Lines_Hbeta_OIII.csv,0.079091,20,4175-4225 | 4500-4600 | 5650-5750 | 6150-6250,4811-5057,0,1,0,0,0,0,0,50,3,4550-5150,0
g2039272-301852_6dFGS,data/g2039272-301852_6dFGS.csv,Lines/Lines_Hbeta_OIII.csv,0.079091,20,4175-4225 | 4500-4600 | 5650-5750 | 6150-6250,4811-5057,0,1,0,0,0,0,0,50,3,4550-5150,0
g2047337-361358_WiFeS,data/g2047337-361358_WiFeS.csv,Lines/Lines_Hbeta_OIII.csv,0.093863,20,4175-4225 | 4500-4600 | 5650-5750 | 6150-6250,4811-5057,0,1,0,0,0,0,0,50,3,4550-5150,0
g2047337-361358_6dFGS,data/g2047337-361358_6dFGS.csv,Lines/Lines_Hbeta_OIII.csv,0.093863,20,4175-4225 | 4500-4600 | 5650-5750 | 6150-6250,4811-5057,0,1,0,0,0,0,0,50,3,4550-5150,0
g1328311-490906_WiFeS,data/g1328311-490906_WiFeS.csv,Lines/Lines_Hbeta_OIII.csv,0.047915,20,4175-4225 | 4500-4600 | 5650-5750 | 6150-6250,4811-5057,0,1,0,0,0,0,0,50,3,4550-5150,0
g1328311-490906_6dFGS,data/g1328311-490906_6dFGS.csv,Lines/Lines_Hbeta_OIII.csv,0.047915,20,4175-4225 | 4500-4600 | 5650-5750 | 6150-6250,4811-5057,0,1,0,0,0,0,0,50,3,4550-5150,0
g1705004-013229_WiFeS,data/g1705004-013229_WiFeS.csv,Lines/Lines_Hbeta_OIII.csv,0.030162,20,4175-4225 | 4500-4600 | 5650-5750 | 6150-6250,4811-5057,0,1,0,0,0,0,0,50,3,4550-5150,0
g1705004-013229_6dFGS,data/g1705004-013229_6dFGS.csv,Lines/Lines_Hbeta_OIII.csv,0.030162,20,4175-4225 | 4500-4600 | 5650-5750 | 6150-6250,4811-5057,0,1,0,0,0,0,0,50,3,4550-5150,0
g0827501-142713_WiFeS,data/g0827501-142713_WiFeS.csv,Lines/Lines_Hbeta_OIII.csv,0.068417,20,4175-4225 | 4500-4600 | 5650-5750 | 6150-6250,4811-5057,0,1,0,0,0,0,0,50,3,4550-5150,0
g0827501-142713_6dFGS,data/g0827501-142713_6dFGS.csv,Lines/Lines_Hbeta_OIII.csv,0.068417,20,4175-4225 | 4500-4600 | 5650-5750 | 6150-6250,4811-5057,0,1,0,0,0,0,0,50,3,4550-5150,0
g0629569-265832_WiFeS,data/g0629569-265832_WiFeS.csv,Lines/Lines_Hbeta_OIII.csv,0.072372,20,4175-4225 | 4500-4600 | 5650-5750 | 6150-6250,4811-5057,0,1,0,0,0,0,0,50,3,4550-5150,0
g0629569-265832_6dFGS,data/g0629569-265832_6dFGS.csv,Lines/Lines_Hbeta_OIII.csv,0.072372,20,4175-4225 | 4500-4600 | 5650-5750 | 6150-6250,4811-5057,0,1,0,0,0,0,0,50,3,4550-5150,0
g0910208-053058_WiFeS,data/g0910208-053058_WiFeS.csv,Lines/Lines_Hbeta_OIII.csv,0.055959,20,4175-4225 | 4500-4600 | 5650-5750 | 6150-6250,4811-5057,0,1,0,0,0,0,0,50,3,4550-5150,0
g0910208-053058_6dFGS,data/g0910208-053058_6dFGS.csv,Lines/Lines_Hbeta_OIII.csv,0.055959,20,4175-4225 | 4500-4600 | 5650-5750 | 6150-6250,4811-5057,0,1,0,0,0,0,0,50,3,4550-5150,0
g1937330-061305_WiFeS,data/g1937330-061305_WiFeS.csv,Lines/Lines_Hbeta_OIII.csv,0.010382,20,4175-4225 | 4500-4600 | 5650-5750 | 6150-6250,4811-5057,0,1,0,0,0,0,0,50,3,4550-5150,0
g1937330-061305_6dFGS,data/g1937330-061305_6dFGS.csv,Lines/Lines_Hbeta_OIII.csv,0.010382,20,4175-4225 | 4500-4600 | 5650-5750 | 6150-6250,4811-5057,0,1,0,0,0,0,0,50,3,4550-5150,0
g1316092-143641_WiFeS,data/g1316092-143641_WiFeS.csv,Lines/Lines_Hbeta_OIII.csv,0.081251,20,4175-4225 | 4500-4600 | 5650-5750 | 6150-6250,4811-5057,0,1,0,0,0,0,0,50,3,4550-5150,0
g1316092-143641_6dFGS,data/g1316092-143641_6dFGS.csv,Lines/Lines_Hbeta_OIII.csv,0.081251,20,4175-4225 | 4500-4600 | 5650-5750 | 6150-6250,4811-5057,0,1,0,0,0,0,0,50,3,4550-5150,0
g0546563-333742_WiFeS,data/g0546563-333742_WiFeS.csv,Lines/Lines_Hbeta_OIII.csv,0.034897,20,4175-4225 | 4500-4600 | 5650-5750 | 6150-6250,4811-5057,0,1,0,0,0,0,0,50,3,4550-5150,0
g0546563-333742_6dFGS,data/g0546563-333742_6dFGS.csv,Lines/Lines_Hbeta_OIII.csv,0.034897,20,4175-4225 | 4500-4600 | 5650-5750 | 6150-6250,4811-5057,0,1,0,0,0,0,0,50,3,4550-5150,0
g1557032-074134_WiFeS,data/g1557032-074134_WiFeS.csv,Lines/Lines_Hbeta_OIII.csv,0.081524,20,4175-4225 | 4500-4600 | 5650-5750 | 6150-6250,4811-5057,0,1,0,0,0,0,0,50,3,4550-5150,0
g1557032-074134_6dFGS,data/g1557032-074134_6dFGS.csv,Lines/Lines_Hbeta_OIII.csv,0.081524,20,4175-4225 | 4500-4600 | 5650-5750 | 6150-6250,4811-5057,0,1,0,0,0,0,0,50,3,4550-5150,0
g1037038-112625_WiFeS,data/g1037038-112625_WiFeS.csv,Lines/Lines_Hbeta_OIII.csv,0.051586,20,4175-4225 | 4500-4600 | 5650-5750 | 6150-6250,4811-5057,0,1,0,0,0,0,0,50,3,4550-5150,0
g1037038-112625_6dFGS,data/g1037038-112625_6dFGS.csv,Lines/Lines_Hbeta_OIII.csv,0.051586,20,4175-4225 | 4500-4600 | 5650-5750 | 6150-6250,4811-5057,0,1,0,0,0,0,0,50,3,4550-5150,0
g1238285-490138_WiFeS,data/g1238285-490138_WiFeS.csv,Lines/Lines_Hbeta_OIII.csv,0.028032,20,4175-4225 | 4500-4600 | 5650-5750 | 6150-6250,4811-5057,0,1,0,0,0,0,0,50,3,4550-5150,0
g1238285-490138_6dFGS,data/g1238285-490138_6dFGS.csv,Lines/Lines_Hbeta_OIII.csv,0.028032,20,4175-4225 | 4500-4600 | 5650-5750 | 6150-6250,4811-5057,0,1,0,0,0,0,0,50,3,4550-5150,0
g0418562-023322_WiFeS,data/g0418562-023322_WiFeS.csv,Lines/Lines_Hbeta_OIII.csv,0.017349,20,4175-4225 | 4500-4600 | 5650-5750 | 6150-6250,4811-5057,0,1,0,0,0,0,0,50,3,4550-5150,0
g0418562-023322_6dFGS,data/g0418562-023322_6dFGS.csv,Lines/Lines_Hbeta_OIII.csv,0.017349,20,4175-4225 | 4500-4600 | 5650-5750 | 6150-6250,4811-5057,0,1,0,0,0,0,0,50,3,4550-5150,0
g1724226-131446_WiFeS,data/g1724226-131446_WiFeS.csv,Lines/Lines_Hbeta_OIII.csv,0.092084,20,4175-4225 | 4500-4600 | 5650-5750 | 6150-6250,4811-5057,0,1,0,0,0,0,0,50,3,4550-5150,0
g1724226-131446_6dFGS,data/g1724226-131446_6dFGS.csv,Lines/Lines_Hbeta_OIII.csv,0.092084,20,4175-4225 | 4500-4600 | 5650-5750 | 6150-6250,4811-5057,0,1,0,0,0,0,0,50,3,4550-5150,0
g2125407-490938_WiFeS,data/g2125407-490938_WiFeS.csv,Lines/Lines_Hbeta_OIII.csv,0.074351,20,4175-4225 | 4500-4600 | 5650-5750 | 6150-6250,4811-5057,0,1,0,0,0,0,0,50,3,4550-5150,0
g2125407-490938_6dFGS,data/g2125407-490938_6dFGS.csv,Lines/Lines_Hbeta_OIII.csv,0.074351,20,4175-4225 | 4500-4600 | 5650-5750 | 6150-6250,4811-5057,0,1,0,0,0,0,0,50,3,4550-5150,0
g0643397-412030_WiFeS,data/g0643397-412030_WiFeS.csv,Lines/Lines_Hbeta_OIII.csv,0.036006,20,4175-4225 | 4500-4600 | 5650-5750 | 6150-6250,4811-5057,0,1,0,0,0,0,0,50,3,4550-5150,0
g0643397-412030_6dFGS,data/g0643397-412030_6dFGS.csv,Lines/Lines_Hbeta_OIII.csv,0.036006,20,4175-4225 | 4500-4600 | 5650-5750 | 6150-6250,4811-5057,0,1,0,0,0,0,0,50,3,4550-5150,0
g0843268-095121_WiFeS,data/g0843268-095121_WiFeS.csv,Lines/Lines_Hbeta_OIII.csv,0.040878,20,4175-4225 | 4500-4600 | 5650-5750 | 6150-6250,4811-5057,0,1,0,0,0,0,0,50,3,4550-5150,0
g0843268-095121_6dFGS,data/g0843268-095121_6dFGS.csv,Lines/Lines_Hbeta_OIII.csv,0.040878,20,4175-4225 | 4500-4600 | 5650-5750 | 6150-6250,4811-5057,0,1,0,0,0,0,0,50,3,4550-5150,0
g1904203-410303_WiFeS,data/g1904203-410303_WiFeS.csv,Lines/Lines_Hbeta_OIII.csv,0.067543,20,4175-4225 | 4500-4600 | 5650-5750 | 6150-6250,4811-5057,0,1,0,0,0,0,0,50,3,4550-5150,0
g1904203-410303_6dFGS,data/g1904203-410303_6dFGS.csv,Lines/Lines_Hbeta_OIII.csv,0.067543,20,4175-4225 | 4500-4600 | 5650-5750 | 6150-6250,4811-5057,0,1,0,0,0,0,0,50,3,4550-5150,0
g0522580-362731_WiFeS,data/g0522580-362731_WiFeS.csv,Lines/Lines_Hbeta_OIII.csv,0.056539,20,4175-4225 | 4500-4600 | 5650-5750 | 6150-6250,4811-5057,0,1,0,0,0,0,0,50,3,4550-5150,0
g0522580-362731_6dFGS,data/g0522580-362731_6dFGS.csv,Lines/Lines_Hbeta_OIII.csv,0.056539,20,4175-4225 | 4500-4600 | 5650-5750 | 6150-6250,4811-5057,0,1,0,0,0,0,0,50,3,4550-5150,0
g1240470-333412_WiFeS,data/g1240470-333412_WiFeS.csv,Lines/Lines_Hbeta_OIII.csv,0.055109,20,4175-4225 | 4500-4600 | 5650-5750 | 6150-6250,4811-5057,0,1,0,0,0,0,0,50,3,4550-5150,0
g1240470-333412_6dFGS,data/g1240470-333412_6dFGS.csv,Lines/Lines_Hbeta_OIII.csv,0.055109,20,4175-4225 | 4500-4600 | 5650-5750 | 6150-6250,4811-5057,0,1,0,0,0,0,0,50,3,4550-5150,0
g0618343-413916_WiFeS,data/g0618343-413916_WiFeS.csv,Lines/Lines_Hbeta_OIII.csv,0.082503,20,4175-4225 | 4500-4600 | 5650-5750 | 6150-6250,4811-5057,0,1,0,0,0,0,0,50,3,4550-5150,0
g0618343-413916_6dFGS,data/g0618343-413916_6dFGS.csv,Lines/Lines_Hbeta_OIII.csv,0.082503,20,4175-4225 | 4500-4600 | 5650-5750 | 6150-6250,4811-5057,0,1,0,0,0,0,0,50,3,4550-5150,0
g1423502-092318_WiFeS,data/g1423502-092318_WiFeS.csv,Lines/Lines_Hbeta_OIII.csv,0.068345,20,4175-4225 | 4500-4600 | 5650-5750 | 6150-6250,4811-5057,0,1,0,0,0,0,0,50,3,4550-5150,0
g1423502-092318_6dFGS,data/g1423502-092318_6dFGS.csv,Lines/Lines_Hbeta_OIII.csv,0.068345,20,4175-4225 | 4500-4600 | 5650-5750 | 6150-6250,4811-5057,0,1,0,0,0,0,0,50,3,4550-5150,0
g2157170-263059_WiFeS,data/g2157170-263059_WiFeS.csv,Lines/Lines_Hbeta_OIII.csv,0.034096,20,4175-4225 | 4500-4600 | 5650-5750 | 6150-6250,4811-5057,0,1,0,0,0,0,0,50,3,4550-5150,0
g2157170-263059_6dFGS,data/g2157170-263059_6dFGS.csv,Lines/Lines_Hbeta_OIII.csv,0.034096,20,4175-4225 | 4500-4600 | 5650-5750 | 6150-6250,4811-5057,0,1,0,0,0,0,0,50,3,4550-5150,0
g1323403-012749_WiFeS,data/g1323403-012749_WiFeS.csv,Lines/Lines_Hbeta_OIII.csv,0.076842,20,4175-4225 | 4500-4600 | 5650-5750 | 6150-6250,4811-5057,0,1,0,0,0,0,0,50,3,4550-5150,0
g1323403-012749_6dFGS,data/g1323403-012749_6dFGS.csv,Lines/Lines_Hbeta_OIII.csv,0.076842,20,4175-4225 | 4500-4600 | 5650-5750 | 6150-6250,4811-5057,0,1,0,0,0,0,0,50,3,4550-5150,0
g1202170-342515_WiFeS,data/g1202170-342515_WiFeS.csv,Lines/Lines_Hbeta_OIII.csv,0.058772,20,4175-4225 | 4500-4600 | 5650-5750 | 6150-6250,4811-5057,0,1,0,0,0,0,0,50,3,4550-5150,0
g1202170-342515_6dFGS,data/g1202170-342515_6dFGS.csv,Lines/Lines_Hbeta_OIII.csv,0.058772,20,4175-4225 | 4500-4600 | 5650-5750 | 6150-6250,4811-5057,0,1,0,0,0,0,0,50,3,4550-5150,0
g2205311-373711_WiFeS,data/g2205311-373711_WiFeS.csv,Lines/Lines_Hbeta_OIII.csv,0.05649,20,4175-4225 | 4500-4600 | 5650-5750 | 6150-6250,4811-5057,0,1,0,0,0,0,0,50,3,4550-5150,0
g2205311-373711_6dFGS,data/g2205311-373711_6dFGS.csv,Lines/Lines_Hbeta_OIII.csv,0.05649,20,4175-4225 | 4500-4600 | 5650-5750 | 6150-6250,4811-5057,0,1,0,0,0,0,0,50,3,4550-5150,0
g1856301-285502_WiFeS,data/g1856301-285502_WiFeS.csv,Lines/Lines_Hbeta_OIII.csv,0.099463,20,4175-4225 | 4500-4600 | 5650-5750 | 6150-6250,4811-5057,0,1,0,0,0,0,0,50,3,4550-5150,0
g1856301-285502_6dFGS,data/g1856301-285502_6dFGS.csv,Lines/Lines_Hbeta_OIII.csv,0.099463,20,4175-4225 | 4500-4600 | 5650-5750 | 6150-6250,4811-5057,0,1,0,0,0,0,0,50,3,4550-5150,0
g0708415-493306_WiFeS,data/g0708415-493306_WiFeS.csv,Lines/Lines_Hbeta_OIII.csv,0.04055,20,4175-4225 | 4500-4600 | 5650-5750 | 6150-6250,4811-5057,0,1,0,0,0,0,0,50,3,4550-5150,0
g0708415-493306_6dFGS,data/g0708415-493306_6dFGS.csv,Lines/Lines_Hbeta_OIII.csv,0.04055,20,4175-4225 | 4500-4600 | 5650-5750 | 6150-6250,4811-5057,0,1,0,0,0,0,0,50,3,4550-5150,0
g2040111-013709_WiFeS,data/g2040111-013709_WiFeS.csv,Lines/Lines_Hbeta_OIII.csv,0.030447,20,4175-4225 | 4500-4600 | 5650-5750 | 6150-6250,4811-5057,0,1,0,0,0,0,0,50,3,4550-5150,0
g2040111-013709_6dFGS,data/g2040111-013709_6dFGS.csv,Lines/Lines_Hbeta_OIII.csv,0.030447,20,4175-4225 | 4500-4600 | 5650-5750 | 6150-6250,4811-5057,0,1,0,0,0,0,0,50,3,4550-5150,0
g0827341-021247_WiFeS,data/g0827341-021247_WiFeS.csv,Lines/Lines_Hbeta_OIII.csv,0.03941,20,4175-4225 | 4500-4600 | 5650-5750 | 6150-6250,4811-5057,0,1,0,0,0,0,0,50,3,4550-5150,0
g0827341-021247_6dFGS,data/g0827341-021247_6dFGS.csv,Lines/Lines_Hbeta_OIII.csv,0.03941,20,4175-4225 | 4500-4600 | 5650-5750 | 6150-6250,4811-5057,0,1,0,0,0,0,0,50,3,4550-5150,0
g1554069-362556_WiFeS,data/g1554069-362556_WiFeS.csv,Lines/Lines_Hbeta_OIII.csv,0.093127,20,4175-4225 | 4500-4600 | 5650-5750 | 6150-6250,4811-5057,0,1,0,0,0,0,0,50,3,4550-5150,0
g1554069-362556_6dFGS,data/g1554069-362556_6dFGS.csv,Lines/Lines_Hbeta_OIII.csv,0.093127,20,4175-4225 | 4500-4600 | 5650-5750 | 6150-6250,4811-5057,0,1,0,0,0,0,0,50,3,4550-5150,0
g0814187-104101_WiFeS,data/g0814187-104101_WiFeS.csv,Lines/Lines_Hbeta_OIII.csv,0.069285,20,4175-4225 | 4500-4600 | 5650-5750 | 6150-6250,4811-5057,0,1,0,0,0,0,0,50,3,4550-5150,0
g0814187-104101_6dFGS,data/g0814187-104101_6dFGS.csv,Lines/Lines_Hbeta_OIII.csv,0.069285,20,4175-4225 | 4500-4600 | 5650-5750 | 6150-6250,4811-5057,0,1,0,0,0,0,0,50,3,4550-5150,0
g0939088-251550_WiFeS,data/g0939088-251550_WiFeS.csv,Lines/Lines_Hbeta_OIII.csv,0.085493,20,4175-4225 | 4500-4600 | 5650-5750 | 6150-6250,4811-5057,0,1,0,0,0,0,0,50,3,4550-5150,0
g0939088-251550_6dFGS,data/g0939088-251550_6dFGS.csv,Lines/Lines_Hbeta_OIII.csv,0.085493,20,4175-4225 | 4500-4600 | 5650-5750 | 6150-6250,4811-5057,0,1,0,0,0,0,0,50,3,4550-5150,0
g1219350-135715_WiFeS,data/g1219350-135715_WiFeS.csv,Lines/Lines_Hbeta_OIII.csv,0.069703,20,4175-4225 | 4500-4600 | 5650-5750 | 6150-6250,4811-5057,0,1,0,0,0,0,0,50,3,4550-5150,0
g1219350-135715_6dFGS,data/g1219350-135715_6dFGS.csv,Lines/Lines_Hbeta_OIII.csv,0.069703,20,4175-4225 | 4500-4600 | 5650-5750 | 6150-6250,4811-5057,0,1,0,0,0,0,0,50,3,4550-5150,0
g2149074-175159_WiFeS,data/g2149074-175159_WiFeS.csv,Lines/Lines_Hbeta_OIII.csv,0.063132,20,4175-4225 | 4500-4600 | 5650-5750 | 6150-6250,4811-5057,0,1,0,0,0,0,0,50,3,4550-5150,0
g2149074-175159_6dFGS,data/g2149074-175159_6dFGS.csv,Lines/Lines_Hbeta_OIII.csv,0.063132,20,4175-4225 | 4500-4600 | 5650-5750 | 6150-6250,4811-5057,0,1,0,0,0,0,0,50,3,4550-5150,0
g1909389-622856_WiFeS,data/g1909389-622856_WiFeS.csv,Lines/Lines_Hbeta_OIII.csv,0.08524,20,4175-4225 | 4500-4600 | 5650-5750 | 6150-6250,4811-5057,0,1,0,0,0,0,0,50,3,4550-5150,0
g1909389-622856_6dFGS,data/g1909389-622856_6dFGS.csv,Lines/Lines_Hbeta_OIII.csv,0.08524,20,4175-4225 | 4500-4600 | 5650-5750 | 6150-6250,4811-5057,0,1,0,0,0,0,0,50,3,4550-5150,0
g2146361-305141_WiFeS,data/g2146361-305141_WiFeS.csv,Lines/Lines_Hbeta_OIII.csv,0.075472,20,4175-4225 | 4500-4600 | 5650-5750 | 6150-6250,4811-5057,0,1,0,0,0,0,0,50,3,4550-5150,0
g2146361-305141_6dFGS,data/g2146361-305141_6dFGS.csv,Lines/Lines_Hbeta_OIII.csv,0.075472,20,4175-4225 | 4500-4600 | 5650-5750 | 6150-6250,4811-5057,0,1,0,0,0,0,0,50,3,4550-5150,0
g2215041-033527_WiFeS,data/g2215041-033527_WiFeS.csv,Lines/Lines_Hbeta_OIII.csv,0.090298,20,4175-4225 | 4500-4600 | 5650-5750 | 6150-6250,4811-5057,0,1,0,0,0,0,0,50,3,4550-5150,0
g2215041-033527_6dFGS,data/g2215041-033527_6dFGS.csv,Lines/Lines_Hbeta_OIII.csv,0.090298,20,4175-4225 | 4500-4600 | 5650-5750 | 6150-6250,4811-5057,0,1,0,0,0,0,0,50,3,4550-5150,0
g2202338-073225_WiFeS,data/g2202338-073225_WiFeS.csv,Lines/Lines_Hbeta_OIII.csv,0.059613,20,4175-4225 | 4500-4600 | 5650-5750 | 6150-6250,4811-5057,0,1,0,0,0,0,0,50,3,4550-5150,0
g2202338-073225_6dFGS,data/g2202338-073225_6dFGS.csv,Lines/Lines_Hbeta_OIII.csv,0.059613,20,4175-4225 | 4500-4600 | 5650-5750 | 6150-6250,4811-5057,0,1,0,0,0,0,0,50,3,4550-5150,0
g1729163-685442_WiFeS,data/g1729163-685442_WiFeS.csv,Lines/Lines_Hbeta_OIII.csv,0.0483,20,4175-4225 | 4500-4600 | 5650-5750 | 6150-6250,4811-5057,0,1,0,0,0,0,0,50,3,4550-5150,0
g1729163-685442_6dFGS,data/g1729163-685442_6dFGS.csv,Lines/Lines_Hbeta_OIII.csv,0.0483,20,4175-4225 | 4500-4600 | 5650-5750 | 6150-6250,4811-5057,0,1,0,0,0,0,0,50,3,4550-5150,0
g2158596-175245_WiFeS,data/g2158596-175245_WiFeS.csv,Lines/Lines_Hbeta_OIII.csv,0.093498,20,4175-4225 | 4500-4600 | 5650-5750 | 6150-6250,4811-5057,0,1,0,0,0,0,0,50,3,4550-5150,0
g2158596-175245_6dFGS,data/g2158596-175245_6dFGS.csv,Lines/Lines_Hbeta_OIII.csv,0.093498,20,4175-4225 | 4500-4600 | 5650-5750 | 6150-6250,4811-5057,0,1,0,0,0,0,0,50,3,4550-5150,0
g1235403-210248_WiFeS,data/g1235403-210248_WiFeS.csv,Lines/Lines_Hbeta_OIII.csv,0.061808,20,4175-4225 | 4500-4600 | 5650-5750 | 6150-6250,4811-5057,0,1,0,0,0,0,0,50,3,4550-5150,0
g1235403-210248_6dFGS,data/g1235403-210248_6dFGS.csv,Lines/Lines_Hbeta_OIII.csv,0.061808,20,4175-4225 | 4500-4600 | 5650-5750 | 6150-6250,4811-5057,0,1,0,0,0,0,0,50,3,4550-5150,0
g2202067-053946_WiFeS,data/g2202067-053946_WiFeS.csv,Lines/Lines_Hbeta_OIII.csv,0.0271,20,4175-4225 | 4500-4600 | 5650-5750 | 6150-6250,4811-5057,0,1,0,0,0,0,0,50,3,4550-5150,0
g2202067-053946_6dFGS,data/g2202067-053946_6dFGS.csv,Lines/Lines_Hbeta_OIII.csv,0.0271,20,4175-4225 | 4500-4600 | 5650-5750 | 6150-6250,4811-5057,0,1,0,0,0,0,0,50,3,4550-5150,0
g1956036-260545_WiFeS,data/g1956036-260545_WiFeS.csv,Lines/Lines_Hbeta_OIII.csv,0.089018,20,4175-4225 | 4500-4600 | 5650-5750 | 6150-6250,4811-5057,0,1,0,0,0,0,0,50,3,4550-5150,0
g1956036-260545_6dFGS,data/g1956036-260545_6dFGS.csv,Lines/Lines_Hbeta_OIII.csv,0.089018,20,4175-4225 | 4500-4600 | 5650-5750 | 6150-6250,4811-5057,0,1,0,0,0,0,0,50,3,4550-5150,0
g2147133-120126_WiFeS,data/g2147133-120126_WiFeS.csv,Lines/Lines_Hbeta_OIII.csv,0.048522,20,4175-4225 | 4500-4600 | 5650-5750 | 6150-6250,4811-5057,0,1,0,0,0,0,0,50,3,4550-5150,0
g2147133-120126_6dFGS,data/g2147133-120126_6dFGS.csv,Lines/Lines_Hbeta_OIII.csv,0.048522,20,4175-4225 | 4500-4600 | 5650-5750 | 6150-6250,4811-5057,0,1,0,0,0,0,0,50,3,4550-5150,0
g0954025-341343_WiFeS,data/g0954025-341343_WiFeS.csv,Lines/Lines_Hbeta_OIII.csv,0.032266,20,4175-4225 | 4500-4600 | 5650-5750 | 6150-6250,4811-5057,0,1,0,0,0,0,0,50,3,4550-5150,0
g0954025-341343_6dFGS,data/g0954025-341343_6dFGS.csv,Lines/Lines_Hbeta_OIII.csv,0.032266,20,4175-4225 | 4500-4600 | 5650-5750 | 6150-6250,4811-5057,0,1,0,0,0,0,0,50,3,4550-5150,0
g0537331-422230_WiFeS,data/g0537331-422230_WiFeS.csv,Lines/Lines_Hbeta_OIII.csv,0.036008,20,4175-4225 | 4500-4600 | 5650-5750 | 6150-6250,4811-5057,0,1,0,0,0,0,0,50,3,4550-5150,0
g0537331-422230_6dFGS,data/g0537331-422230_6dFGS.csv,Lines/Lines_Hbeta_OIII.csv,0.036008,20,4175-4225 | 4500-4600 | 5650-5750 | 6150-6250,4811-5057,0,1,0,0,0,0,0,50,3,4550-5150,0
g1419224-263841_WiFeS,data/g1419224-263841_WiFeS.csv,Lines/Lines_Hbeta_OIII.csv,0.022824,20,4175-4225 | 4500-4600 | 5650-5750 | 6150-6250,4811-5057,0,1,0,0,0,0,0,50,3,4550-5150,0
g1419224-263841_6dFGS,data/g1419224-263841_6dFGS.csv,Lines/Lines_Hbeta_OIII.csv,0.022824,20,4175-4225 | 4500-4600 | 5650-5750 | 6150-6250,4811-5057,0,1,0,0,0,0,0,50,3,4550-5150,0
g2051395-175306_WiFeS,data/g2051395-175306_WiFeS.csv,Lines/Lines_Hbeta_OIII.csv,0.08768,20,4175-4225 | 4500-4600 | 5650-5750 | 6150-6250,4811-5057,0,1,0,0,0,0,0,50,3,4550-5150,0
g2051395-175306_6dFGS,data/g2051395-175306_6dFGS.csv,Lines/Lines_Hbeta_OIII.csv,0.08768,20,4175-4225 | 4500-4600 | 5650-5750 | 6150-6250,4811-5057,0,1,0,0,0,0,0,50,3,4550-5150,0
g1300325-485006_WiFeS,data/g1300325-485006_WiFeS.csv,Lines/Lines_Hbeta_OIII.csv,0.050758,20,4175-4225 | 4500-4600 | 5650-5750 | 6150-6250,4811-5057,0,1,0,0,0,0,0,50,3,4550-5150,0
g1300325-485006_6dFGS,data/g1300325-485006_6dFGS.csv,Lines/Lines_Hbeta_OIII.csv,0.050758,20,4175-4225 | 4500-4600 | 5650-5750 | 6150-6250,4811-5057,0,1,0,0,0,0,0,50,3,4550-5150,0
g1836582-592408_WiFeS,data/g1836582-592408_WiFeS.csv,Lines/Lines_Hbeta_OIII.csv,0.019974,20,4175-4225 | 4500-4600 | 5650-5750 | 6150-6250,4811-5057,0,1,0,0,0,0,0,50,3,4550-5150,0
g1836582-592408_6dFGS,data/g1836582-592408_6dFGS.csv,Lines/Lines_Hbeta_OIII.csv,0.019974,20,4175-4225 | 4500-4600 | 5650-5750 | 6150-6250,4811-5057,0,1,0,0,0,0,0,50,3,4550-5150,0
g1325194-382453_WiFeS,data/g1325194-382453_WiFeS.csv,Lines/Lines_Hbeta_OIII.csv,0.065873,20,4175-4225 | 4500-4600 | 5650-5750 | 6150-6250,4811-5057,0,1,0,0,0,0,0,50,3,4550-5150,0
g1325194-382453_6dFGS,data/g1325194-382453_6dFGS.csv,Lines/Lines_Hbeta_OIII.csv,0.065873,20,4175-4225 | 4500-4600 | 5650-5750 | 6150-6250,4811-5057,0,1,0,0,0,0,0,50,3,4550-5150,0
g2145058-692231_WiFeS,data/g2145058-692231_WiFeS.csv,Lines/Lines_Hbeta_OIII.csv,0.089012,20,4175-4225 | 4500-4600 | 5650-5750 | 6150-6250,4811-5057,0,1,0,0,0,0,0,50,3,4550-5150,0
g2145058-692231_6dFGS,data/g2145058-692231_6dFGS.csv,Lines/Lines_Hbeta_OIII.csv,0.089012,20,4175-4225 | 4500-4600 | 5650-5750 | 6150-6250,4811-5057,0,1,0,0,0,0,0,50,3,4550-5150,0
g0711491-594752_WiFeS,data/g0711491-594752_WiFeS.csv,Lines/Lines_Hbeta_OIII.csv,0.031834,20,4175-4225 | 4500-4600 | 5650-5750 | 6150-6250,4811-5057,0,1,0,0,0,0,0,50,3,4550-5150,0
g0711491-594752_6dFGS,data/g0711491-594752_6dFGS.csv,Lines/Lines_Hbeta_OIII.csv,0.031834,20,4175-4225 | 4500-4600 | 5650-5750 | 6150-6250,4811-5057,0,1,0,0,0,0,0,50,3,4550-5150,0
g1305301-093748_WiFeS,data/g1305301-093748_WiFeS.csv,Lines/Lines_Hbeta_OIII.csv,0.044975,20,4175-4225 | 4500-4600 | 5650-5750 | 6150-6250,4811-5057,0,1,0,0,0,0,0,50,3,4550-5150,0
g1305301-093748_6dFGS,data/g1305301-093748_6dFGS.csv,Lines/Lines_Hbeta_OIII.csv,0.044975,20,4175-4225 | 4500-4600 | 5650-5750 | 6150-6250,4811-5057,0,1,0,0,0,0,0,50,3,4550-5150,0
g0854552-242338_WiFeS,data/g0854552-242338_WiFeS.csv,Lines/Lines_Hbeta_OIII.csv,0.09096,20,4175-4225 | 4500-4600 | 5650-5750 | 6150-6250,4811-5057,0,1,0,0,0,0,0,50,3,4550-5150,0
g0854552-242338_6dFGS,data/g0854552-242338_6dFGS.csv,Lines/Lines_Hbeta_OIII.csv,0.09096,20,4175-4225 | 4500-4600 | 5650-5750 | 6150-6250,4811-5057,0,1,0,0,0,0,0,50,3,4550-5150,0
g2109100-094015_WiFeS,data/g2109100-094015_WiFeS.csv,Lines/Lines_Hbeta_OIII.csv,0.026451,20,4175-4225 | 4500-4600 | 5650-5750 | 6150-6250,4811-5057,0,1,0,0,0,0,0,50,3,4550-5150,0
g2109100-094015_6dFGS,data/g2109100-094015_6dFGS.csv,Lines/Lines_Hbeta_OIII.csv,0.026451,20,4175-4225 | 4500-4600 | 5650-5750 | 6150-6250,4811-5057,0,1,0,0,0,0,0,50,3,4550-5150,0
g2022088-471452_WiFeS,data/g2022088-471452_WiFeS.csv,Lines/Lines_Hbeta_OIII.csv,0.031044,20,4175-4225 | 4500-4600 | 5650-5750 | 6150-6250,4811-5057,0,1,0,0,0,0,0,50,3,4550-5150,0
g2022088-471452_6dFGS,data/g2022088-471452_6dFGS.csv,Lines/Lines_Hbeta_OIII.csv,0.031044,20,4175-4225 | 4500-4600 | 5650-5750 | 6150-6250,4811-5057,0,1,0,0,0,0,0,50,3,4550-5150,0
g1240283-230927_WiFeS,data/g1240283-230927_WiFeS.csv,Lines/Lines_Hbeta_OIII.csv,0.096381,20,4175-4225 | 4500-4600 | 5650-5750 | 6150-6250,4811-5057,0,1,0,0,0,0,0,50,3,4550-5150,0
g1240283-230927_6dFGS,data/g1240283-230927_6dFGS.csv,Lines/Lines_Hbeta_OIII.csv,0.096381,20,4175-4225 | 4500-4600 | 5650-5750 | 6150-6250,4811-5057,0,1,0,0,0,0,0,50,3,4550-5150,0
g1142422-170646_WiFeS,data/g1142422-170646_WiFeS.csv,Lines/Lines_Hbeta_OIII.csv,0.068234,20,4175-4225 | 4500-4600 | 5650-5750 | 6150-6250,4811-5057,0,1,0,0,0,0,0,50,3,4550-5150,0
g1142422-170646_6dFGS,data/g1142422-170646_6dFGS.csv,Lines/Lines_Hbeta_OIII.csv,0.068234,20,4175-4225 | 4500-4600 | 5650-5750 | 6150-6250,4811-5057,0,1,0,0,0,0,0,50,3,4550-5150,0
g1351295-181347_WiFeS,data/g1351295-181347_WiFeS.csv,Lines/Lines_Hbeta_OIII.csv,0.012319,20,4175-4225 | 4500-4600 | 5650-5750 | 6150-6250,4811-5057,0,1,0,0,0,0,0,50,3,4550-5150,0
g1351295-181347_6dFGS,data/g1351295-181347_6dFGS.csv,Lines/Lines_Hbeta_OIII.csv,0.012319,20,4175-4225 | 4500-4600 | 5650-5750 | 6150-6250,4811-5057,0,1,0,0,0,0,0,50,3,4550-5150,0
g1943353-163108_WiFeS,data/g1943353-163108_WiFeS.csv,Lines/Lines_Hbeta_OIII.csv,0.046306,20,4175-4225 | 4500-4600 | 5650-5750 | 6150-6250,4811-5057,0,1,0,0,0,0,0,50,3,4550-5150,0
g1943353-163108_6dFGS,data/g1943353-163108_6dFGS.csv,Lines/Lines_Hbeta_OIII.csv,0.046306,20,4175-4225 | 4500-4600 | 5650-5750 | 6150-6250,4811-5057,0,1,0,0,0,0,0,50,3,4550-5150,0
g1129167-042407_WiFeS,data/g1129167-042407_WiFeS.csv,Lines/Lines_Hbeta_OIII.csv,0.062066,20,4175-4225 | 4500-4600 | 5650-5750 | 6150-6250,4811-5057,0,1,0,0,0,0,0,50,3,4550-5150,0
g1129167-042407_6dFGS,data/g1129167-042407_6dFGS.csv,Lines/Lines_Hbeta_OIII.csv,0.062066,20,4175-4225 | 4500-4600 | 5650-5750 | 6150-6250,4811-5057,0,1,0,0,0,0,0,50,3,4550-5150,0
g1001436-023635_WiFeS,data/g1001436-023635_WiFeS.csv,Lines/Lines_Hbeta_OIII.csv,0.095984,20,4175-4225 | 4500-4600 | 5650-5750 | 6150-6250,4811-5057,0,1,0,0,0,0,0,50,3,4550-5150,0
g1001436-023635_6dFGS,data/g1001436-023635_6dFGS.csv,Lines/Lines_Hbeta_OIII.csv,0.095984,20,4175-4225 | 4500-4600 | 5650-5750 | 6150-6250,4811-5057,0,1,0,0,0,0,0,50,3,4550-5150,0
g1615191-093613_WiFeS,data/g1615191-093613_WiFeS.csv,Lines/Lines_Hbeta_OIII.csv,0.064952,20,4175-4225 | 4500-4600 | 5650-5750 | 6150-6250,4811-5057,0,1,0,0,0,0,0,50,3,4550-5150,0
g1615191-093613_6dFGS,data/g1615191-093613_6dFGS.csv,Lines/Lines_Hbeta_OIII.csv,0.064952,20,4175-4225 | 4500-4600 | 5650-5750 | 6150-6250,4811-5057,0,1,0,0,0,0,0,50,3,4550-5150,0
g1107264-302906_WiFeS,data/g1107264-302906_WiFeS.csv,Lines/Lines_Hbeta_OIII.csv,0.0707,20,4175-4225 | 4500-4600 | 5650-5750 | 6150-6250,4811-5057,0,1,0,0,0,0,0,50,3,4550-5150,0
g1107264-302906_6dFGS,data/g1107264-302906_6dFGS.csv,Lines/Lines_Hbeta_OIII.csv,0.0707,20,4175-4225 | 4500-4600 | 5650-5750 | 6150-6250,4811-5057,0,1,0,0,0,0,0,50,3,4550-5150,0
g1218267-000750_WiFeS,data/g1218267-000750_WiFeS.csv,Lines/Lines_Hbeta_OIII.csv,0.050348,20,4175-4225 | 4500-4600 | 5650-5750 | 6150-6250,4811-5057,0,1,0,0,0,0,0,50,3,4550-5150,0
g1218267-000750_6dFGS,data/g1218267-000750_6dFGS.csv,Lines/Lines_Hbeta_OIII.csv,0.050348,20,4175-4225 | 4500-4600 | 5650-5750 | 6150-6250,4811-5057,0,1,0,0,0,0,0,50,3,4550-5150,0
g0845371-204753_WiFeS,data/g0845371-204753_WiFeS.csv,Lines/Lines_Hbeta_OIII.csv,0.023037,20,4175-4225 | 4500-4600 | 5650-5750 | 6150-6250,4811-5057,0,1,0,0,0,0,0,50,3,4550-5150,0
g0845371-204753_6dFGS,data/g0845371-204753_6dFGS.csv,Lines/Lines_Hbeta_OIII.csv,0.023037,20,4175-4225 | 4500-4600 | 5650-5750 | 6150-6250,4811-5057,0,1,0,0,0,0,0,50,3,4550-5150,0
g1208503-312650_WiFeS,data/g1208503-312650_WiFeS.csv,Lines/Lines_Hbeta_OIII.csv,0.04659,20,4175-4225 | 4500-4600 | 5650-5750 | 6150-6250,4811-5057,0,1,0,0,0,0,0,50,3,4550-5150,0
g1208503-312650_6dFGS,data/g1208503-312650_6dFGS.csv,Lines/Lines_Hbeta_OIII.csv,0.04659,20,4175-4225 | 4500-4600 | 5650-5750 | 6150-6250,4811-5057,0,1,0,0,0,0,0,50,3,4550-5150,0
g0935112-145003_WiFeS,data/g0935112-145003_WiFeS.csv,Lines/Lines_Hbeta_OIII.csv,0.087463,20,4175-4225 | 4500-4600 | 5650-5750 | 6150-6250,4811-5057,0,1,0,0,0,0,0,50,3,4550-5150,0
g0935112-145003_6dFGS,data/g0935112-145003_6dFGS.csv,Lines/Lines_Hbeta_OIII.csv,0.087463,20,4175-4225 | 4500-4600 | 5650-5750 | 6150-6250,4811-5057,0,1,0,0,0,0,0,50,3,4550-5150,0
g2034194-113959_WiFeS,data/g2034194-113959_WiFeS.csv,Lines/Lines_Hbeta_OIII.csv,0.09576,20,4175-4225 | 4500-4600 | 5650-5750 | 6150-6250,4811-5057,0,1,0,0,0,0,0,50,3,4550-5150,0
g2034194-113959_6dFGS,data/g2034194-113959_6dFGS.csv,Lines/Lines_Hbeta_OIII.csv,0.09576,20,4175-4225 | 4500-4600 | 5650-5750 | 6150-6250,4811-5057,0,1,0,0,0,0,0,50,3,4550-5150,0
g1530395-141712_WiFeS,data/g1530395-141712_WiFeS.csv,Lines/Lines_Hbeta_OIII.csv,0.051842,20,4175-4225 | 4500-4600 | 5650-5750 | 6150-6250,4811-5057,0,1,0,0,0,0,0,50,3,4550-5150,0
g1530395-141712_6dFGS,data/g1530395-141712_6dFGS.csv,Lines/Lines_Hbeta_OIII.csv,0.051842,20,4175-4225 | 4500-4600 | 5650-5750 | 6150-6250,4811-5057,0,1,0,0,0,0,0,50,3,4550-5150,0
g1054208-092157_WiFeS,data/g1054208-092157_WiFeS.csv,Lines/Lines_Hbeta_OIII.csv,0.063585,20,4175-4225 | 4500-4600 | 5650-5750 | 6150-6250,4811-5057,0,1,0,0,0,0,0,50,3,4550-5150,0
g1054208-092157_6dFGS,data/g1054208-092157_6dFGS.csv,Lines/Lines_Hbeta_OIII.csv,0.063585,20,4175-4225 | 4500-4600 | 5650-5750 | 6150-6250,4811-5057,0,1,0,0,0,0,0,50,3,4550-5150,0
g1447187-380222_WiFeS,data/g1447187-380222_WiFeS.csv,Lines/Lines_Hbeta_OIII.csv,0.063776,20,4175-4225 | 4500-4600 | 5650-5750 | 6150-6250,4811-5057,0,1,0,0,0,0,0,50,3,4550-5150,0
g1447187-380222_6dFGS,data/g1447187-380222_6dFGS.csv,Lines/Lines_Hbeta_OIII.csv,0.063776,20,4175-4225 | 4500-4600 | 5650-5750 | 6150-6250,4811-5057,0,1,0,0,0,0,0,50,3,4550-5150,0
g2209558-101449_WiFeS,data/g2209558-101449_WiFeS.csv,Lines/Lines_Hbeta_OIII.csv,0.083307,20,4175-4225 | 4500-4600 | 5650-5750 | 6150-6250,4811-5057,0,1,0,0,0,0,0,50,3,4550-5150,0
g2209558-101449_6dFGS,data/g2209558-101449_6dFGS.csv,Lines/Lines_Hbeta_OIII.csv,0.083307,20,4175-4225 | 4500-4600 | 5650-5750 | 6150-6250,4811-5057,0,1,0,0,0,0,0,50,3,4550-5150,0
g1002029-302117_WiFeS,data/g1002029-302117_WiFeS.csv,Lines/Lines_Hbeta_OIII.csv,0.061823,20,4175-4225 | 4500-4600 | 5650-5750 | 6150-6250,4811-5057,0,1,0,0,0,0,0,50,3,4550-5150,0
g1002029-302117_6dFGS,data/g1002029-302117_6dFGS.csv,Lines/Lines_Hbeta_OIII.csv,0.061823,20,4175-4225 | 4500-4600 | 5650-5750 | 6150-6250,4811-5057,0,1,0,0,0,0,0,50,3,4550-5150,0
g2135295-623007_WiFeS,data/g2135295-623007_WiFeS.csv,Lines/Lines_Hbeta_OIII.csv,0.06091,20,4175-4225 | 4500-4600 | 5650-5750 | 6150-6250,4811-5057,0,1,0,0,0,0,0,50,3,4550-5150,0
g2135295-623007_6dFGS,data/g2135295-623007_6dFGS.csv,Lines/Lines_Hbeta_OIII.csv,0.06091,20,4175-4225 | 4500-4600 | 5650-5750 | 6150-6250,4811-5057,0,1,0,0,0,0,0,50,3,4550-5150,0
g1849421-551310_WiFeS,data/g1849421-551310_WiFeS.csv,Lines/Lines_Hbeta_OIII.csv,0.050114,20,4175-4225 | 4500-4600 | 5650-5750 | 6150-6250,4811-5057,0,1,0,0,0,0,0,50,3,4550-5150,0
g1849421-551310_6dFGS,data/g1849421-551310_6dFGS.csv,Lines/Lines_Hbeta_OIII.csv,0.050114,20,4175-4225 | 4500-4600 | 5650-5750 | 6150-6250,4811-5057,0,1,0,0,0,0,0,50,3,4550-5150,0
g2005530-413442_WiFeS,data/g2005530-413442_WiFeS.csv,Lines/Lines_Hbeta_OIII.csv,0.079624,20,4175-4225 | 4500-4600 | 5650-5750 | 6150-6250,4811-5057,0,1,0,0,0,0,0,50,3,4550-5150,0
g2005530-413442_6dFGS,data/g2005530-413442_6dFGS.csv,Lines/Lines_Hbeta_OIII.csv,0.079624,20,4175-4225 | 4500-4600 | 5650-5750 | 6150-6250,4811-5057,0,1,0,0,0,0,0,50,3,4550-5150,0
g1047457-375932_WiFeS,data/g1047457-375932_WiFeS.csv,Lines/Lines_Hbeta_OIII.csv,0.075487,20,4175-4225 | 4500-4600 | 5650-5750 | 6150-6250,4811-5057,0,1,0,0,0,0,0,50,3,4550-5150,0
g1047457-375932_6dFGS,data/g1047457-375932_6dFGS.csv,Lines/Lines_Hbeta_OIII.csv,0.075487,20,4175-4225 | 4500-4600 | 5650-5750 | 6150-6250,4811-5057,0,1,0,0,0,0,0,50,3,4550-5150,0
g2218575-432510_WiFeS,data/g2218575-432510_WiFeS.csv,Lines/Lines_Hbeta_OIII.csv,0.07388,20,4175-4225 | 4500-4600 | 5650-5750 | 6150-6250,4811-5057,0,1,0,0,0,0,0,50,3,4550-5150,0
g2218575-432510_6dFGS,data/g2218575-432510_6dFGS.csv,Lines/Lines_Hbeta_OIII.csv,0.07388,20,4175-4225 | 4500-4600 | 5650-5750 | 6150-6250,4811-5057,0,1,0,0,0,0,0,50,3,4550-5150,0
g1824269-584509_WiFeS,data/g1824269-584509_WiFeS.csv,Lines/Lines_Hbeta_OIII.csv,0.068631,20,4175-4225 | 4500-4600 | 5650-5750 | 6150-6250,4811-5057,0,1,0,0,0,0,0,50,3,4550-5150,0
g1824269-584509_6dFGS,data/g1824269-584509_6dFGS.csv,Lines/Lines_Hbeta_OIII.csv,0.068631,20,4175-4225 | 4500-4600 | 5650-5750 | 6150-6250,4811-5057,0,1,0,0,0,0,0,50,3,4550-5150,0
g1856494-544230_WiFeS,data/g1856494-544230_WiFeS.csv,Lines/Lines_Hbeta_OIII.csv,0.056432,20,4175-4225 | 4500-4600 | 5650-5750 | 6150-6250,4811-5057,0,1,0,0,0,0,0,50,3,4550-5150,0
g1856494-544230_6dFGS,data/g1856494-544230_6dFGS.csv,Lines/Lines_Hbeta_OIII.csv,0.056432,20,4175-4225 | 4500-4600 | 5650-5750 | 6150-6250,4811-5057,0,1,0,0,0,0,0,50,3,4550-5150,0
g1251559-122438_WiFeS,data/g1251559-122438_WiFeS.csv,Lines/Lines_Hbeta_OIII.csv,0.076079,20,4175-4225 | 4500-4600 | 5650-5750 | 6150-6250,4811-5057,0,1,0,0,0,0,0,50,3,4550-5150,0
g1251559-122438_6dFGS,data/g1251559-122438_6dFGS.csv,Lines/Lines_Hbeta_OIII.csv,0.076079,20,4175-4225 | 4500-4600 | 5650-5750 | 6150-6250,4811-5057,0,1,0,0,0,0,0,50,3,4550-5150,0
g2039248-190223_WiFeS,data/g2039248-190223_WiFeS.csv,Lines/Lines_Hbeta_OIII.csv,0.091132,20,4175-4225 | 4500-4600 | 5650-5750 | 6150-6250,4811-5057,0,1,0,0,0,0,0,50,3,4550-5150,0
g2039248-190223_6dFGS,data/g2039248-190223_6dFGS.csv,Lines/Lines_Hbeta_OIII.csv,0.091132,20,4175-4225 | 4500-4600 | 5650-5750 | 6150-6250,4811-5057,0,1,0,0,0,0,0,50,3,4550-5150,0
g1229419-315410_WiFeS,data/g1229419-315410_WiFeS.csv,Lines/Lines_Hbeta_OIII.csv,0.054349,20,4175-4225 | 4500-4600 | 5650-5750 | 6150-6250,4811-5057,0,1,0,0,0,0,0,50,3,4550-5150,0
g1229419-315410_6dFGS,data/g1229419-315410_6dFGS.csv,Lines/Lines_Hbeta_OIII.csv,0.054349,20,4175-4225 | 4500-4600 | 5650-5750 | 6150-6250,4811-5057,0,1,0,0,0,0,0,50,3,4550-5150,0
g1313058-110742_WiFeS,data/g1313058-110742_WiFeS.csv,Lines/Lines_Hbeta_OIII.csv,0.034349,20,4175-4225 | 4500-4600 | 5650-5750 | 6150-6250,4811-5057,0,1,0,0,0,0,0,50,3,4550-5150,0
g1313058-110742_6dFGS,data/g1313058-110742_6dFGS.csv,Lines/Lines_Hbeta_OIII.csv,0.034349,20,4175-4225 | 4500-4600 | 5650-5750 | 6150-6250,4811-5057,0,1,0,0,0,0,0,50,3,4550-5150,0
g1620217-044341_WiFeS,data/g1620217-044341_WiFeS.csv,Lines/Lines_Hbeta_OIII.csv,0.072502,20,4175-4225 | 4500-4600 | 5650-5750 | 6150-6250,4811-5057,0,1,0,0,0,0,0,50,3,4550-5150,0
g1620217-044341_6dFGS,data/g1620217-044341_6dFGS.csv,Lines/Lines_Hbeta_OIII.csv,0.072502,20,4175-4225 | 4500-4600 | 5650-5750 | 6150-6250,4811-5057,0,1,0,0,0,0,0,50,3,4550-5150,0
g1903003-492201_WiFeS,data/g1903003-492201_WiFeS.csv,Lines/Lines_Hbeta_OIII.csv,0.050283,20,4175-4225 | 4500-4600 | 5650-5750 | 6150-6250,4811-5057,0,1,0,0,0,0,0,50,3,4550-5150,0
g1903003-492201_6dFGS,data/g1903003-492201_6dFGS.csv,Lines/Lines_Hbeta_OIII.csv,0.050283,20,4175-4225 | 4500-4600 | 5650-5750 | 6150-6250,4811-5057,0,1,0,0,0,0,0,50,3,4550-5150,0
g2257390-365607_WiFeS,data/g2257390-365607_WiFeS.csv,Lines/Lines_Hbeta_OIII.csv,0.039046,20,4175-4225 | 4500-4600 | 5650-5750 | 6150-6250,4811-5057,0,1,0,0,0,0,0,50,3,4550-5150,0
g2257390-365607_6dFGS,data/g2257390-365607_6dFGS.csv,Lines/Lines_Hbeta_OIII.csv,0.039046,20,4175-4225 | 4500-4600 | 5650-5750 | 6150-6250,4811-5057,0,1,0,0,0,0,0,50,3,4550-5150,0
g1317165-240637_WiFeS,data/g1317165-240637_WiFeS.csv,Lines/Lines_Hbeta_OIII.csv,0.064364,20,4175-4225 | 4500-4600 | 5650-5750 | 6150-6250,4811-5057,0,1,0,0,0,0,0,50,3,4550-5150,0
g1317165-240637_6dFGS,data/g1317165-240637_6dFGS.csv,Lines/Lines_Hbeta_OIII.csv,0.064364,20,4175-4225 | 4500-4600 | 5650-5750 | 6150-6250,4811-5057,0,1,0,0,0,0,0,50,3,4550-5150,0
g1321582-310426_WiFeS,data/g1321582-310426_WiFeS.csv,Lines/Lines_Hbeta_OIII.csv,0.045392,20,4175-4225 | 4500-4600 | 5650-5750 | 6150-6250,4811-5057,0,1,0,0,0,0,0,50,3,4550-5150,0
g1321582-310426_6dFGS,data/g1321582-310426_6dFGS.csv,Lines/Lines_Hbeta_OIII.csv,0.045392,20,4175-4225 | 4500-4600 | 5650-5750 | 6150-6250,4811-5057,0,1,0,0,0,0,0,50,3,4550-5150,0
g2137428-470035_WiFeS,data/g2137428-470035_WiFeS.csv,Lines/Lines_Hbeta_OIII.csv,0.088305,20,4175-4225 | 4500-4600 | 5650-5750 | 6150-6250,4811-5057,0,1,0,0,0,0,0,50,3,4550-5150,0
g2137428-470035_6dFGS,data/g2137428-470035_6dFGS.csv,Lines/Lines_Hbeta_OIII.csv,0.088305,20,4175-4225 | 4500-4600 | 5650-5750 | 6150-6250,4811-5057,0,1,0,0,0,0,0,50,3,4550-5150,0
g0828082-050633_WiFeS,data/g0828082-050633_WiFeS.csv,Lines/Lines_Hbeta_OIII.csv,0.080832,20,4175-4225 | 4500-4600 | 5650-5750 | 6150-6250,4811-5057,0,1,0,0,0,0,0,50,3,4550-5150,0
g0828082-050633_6dFGS,data/g0828082-050633_6dFGS.csv,Lines/Lines_Hbeta_OIII.csv,0.080832,20,4175-4225 | 4500-4600 | 5650-5750 | 6150-6250,4811-5057,0,1,0,0,0,0,0,50,3,4550-5150,0
g0650175-380514_WiFeS,data/g0650175-380514_WiFeS.csv,Lines/Lines_Hbeta_OIII.csv,0.030051,20,4175-4225 | 4500-4600 | 5650-5750 | 6150-6250,4811-5057,0,1,0,0,0,0,0,50,3,4550-5150,0
g0650175-380514_6dFGS,data/g0650175-380514_6dFGS.csv,Lines/Lines_Hbeta_OIII.csv,0.030051,20,4175-4225 | 4500-4600 | 5650-5750 | 6150-6250,4811-5057,0,1,0,0,0,0,0,50,3,4550-5150,0
g0936221-113436_WiFeS,data/g0936221-113436_WiFeS.csv,Lines/Lines_Hbeta_OIII.csv,0.091285,20,4175-4225 | 4500-4600 | 5650-5750 | 6150-6250,4811-5057,0,1,0,0,0,0,0,50,3,4550-5150,0
g0936221-113436_6dFGS,data/g0936221-113436_6dFGS.csv,Lines/Lines_Hbeta_OIII.csv,0.091285,20,4175-4225 | 4500-4600 | 5650-5750 | 6150-6250,4811-5057,0,1,0,0,0,0,0,50,3,4550-5150,0
g1438031-450146_WiFeS,data/g1438031-450146_WiFeS.csv,Lines/Lines_Hbeta_OIII.csv,0.074656,20,4175-4225 | 4500-4600 | 5650-5750 | 6150-6250,4811-5057,0,1,0,0,0,0,0,50,3,4550-5150,0
g1438031-450146_6dFGS,data/g1438031-450146_6dFGS.csv,Lines/Lines_Hbeta_OIII.csv,0.074656,20,4175-4225 | 4500-4600 | 5650-5750 | 6150-6250,4811-5057,0,1,0,0,0,0,0,50,3,4550-5150,0
g1938196-432646_WiFeS,data/g1938196-432646_WiFeS.csv,Lines/Lines_Hbeta_OIII.csv,0.079126,20,4175-4225 | 4500-4600 | 5650-5750 | 6150-6250,4811-5057,0,1,0,0,0,0,0,50,3,4550-5150,0
g1938196-432646_6dFGS,data/g1938196-432646_6dFGS.csv,Lines/Lines_Hbeta_OIII.csv,0.079126,20,4175-4225 | 4500-4600 | 5650-5750 | 6150-6250,4811-5057,0,1,0,0,0,0,0,50,3,4550-5150,0
g2222466-081944_WiFeS,data/g2222466-081944_WiFeS.csv,Lines/Lines_Hbeta_OIII.csv,0.082297,20,4175-4225 | 4500-4600 | 5650-5750 | 6150-6250,4811-5057,0,1,0,0,0,0,0,50,3,4550-5150,0
g2222466-081944_6dFGS,data/g2222466-081944_6dFGS.csv,Lines/Lines_Hbeta_OIII.csv,0.082297,20,4175-4225 | 4500-4600 | 5650-5750 | 6150-6250,4811-5057,0,1,0,0,0,0,0,50,3,4550-5150,0
g1343431-395032_WiFeS,data/g1343431-395032_WiFeS.csv,Lines/Lines_Hbeta_OIII.csv,0.056538,20,4175-4225 | 4500-4600 | 5650-5750 | 6150-6250,4811-5057,0,1,0,0,0,0,0,50,3,4550-5150,0
g1343431-395032_6dFGS,data/g1343431-395032_6dFGS.csv,Lines/Lines_Hbeta_OIII.csv,0.056538,20,4175-4225 | 4500-4600 | 5650-5750 | 6150-6250,4811-5057,0,1,0,0,0,0,0,50,3,4550-5150,0
g1631374-033126_WiFeS,data/g1631374-033126_WiFeS.csv,Lines/Lines_Hbeta_OIII.csv,0.057682,20,4175-4225 | 4500-4600 | 5650-5750 | 6150-6250,4811-5057,0,1,0,0,0,0,0,50,3,4550-5150,0
g1631374-033126_6dFGS,data/g1631374-033126_6dFGS.csv,Lines/Lines_Hbeta_OIII.csv,0.057682,20,4175-4225 | 4500-4600 | 5650-5750 | 6150-6250,4811-5057,0,1,0,0,0,0,0,50,3,4550-5150,0
g0549149-242552_WiFeS,data/g0549149-242552_WiFeS.csv,Lines/Lines_Hbeta_OIII.csv,0.044979,20,4175-4225 | 4500-4600 | 5650-5750 | 6150-6250,4811-5057,0,1,0,0,0,0,0,50,3,4550-5150,0
g0549149-242552_6dFGS,data/g0549149-242552_6dFGS.csv,Lines/Lines_Hbeta_OIII.csv,0.044979,20,4175-4225 | 4500-4600 | 5650-5750 | 6150-6250,4811-5057,0,1,0,0,0,0,0,50,3,4550-5150,0
g1233514-210345_WiFeS,data/g1233514-210345_WiFeS.csv,Lines/Lines_Hbeta_OIII.csv,0.022541,20,4175-4225 | 4500-4600 | 5650-5750 | 6150-6250,4811-5057,0,1,0,0,0,0,0,50,3,4550-5150,0
g1233514-210345_6dFGS,data/g1233514-210345_6dFGS.csv,Lines/Lines_Hbeta_OIII.csv,0.022541,20,4175-4225 | 4500-4600 | 5650-5750 | 6150-6250,4811-5057,0,1,0,0,0,0,0,50,3,4550-5150,0
g1149348-212330_WiFeS,data/g1149348-212330_WiFeS.csv,Lines/Lines_Hbeta_OIII.csv,0.027105,20,4175-4225 | 4500-4600 | 5650-5750 | 6150-6250,4811-5057,0,1,0,0,0,0,0,50,3,4550-5150,0
g1149348-212330_6dFGS,data/g1149348-212330_6dFGS.csv,Lines/Lines_Hbeta_OIII.csv,0.027105,20,4175-4225 | 4500-4600 | 5650-5750 | 6150-6250,4811-5057,0,1,0,0,0,0,0,50,3,4550-5150,0
g0856256-244631_WiFeS,data/g0856256-244631_WiFeS.csv,Lines/Lines_Hbeta_OIII.csv,0.032519,20,4175-4225 | 4500-4600 | 5650-5750 | 6150-6250,4811-5057,0,1,0,0,0,0,0,50,3,4550-5150,0
g0856256-244631_6dFGS,data/g0856256-244631_6dFGS.csv,Lines/Lines_Hbeta_OIII.csv,0.032519,20,4175-4225 | 4500-4600 | 5650-5750 | 6150-6250,4811-5057,0,1,0,0,0,0,0,50,3,4550-5150,0
g2202590-031812_WiFeS,data/g2202590-031812_WiFeS.csv,Lines/Lines_Hbeta_OIII.csv,0.044502,20,4175-4225 | 4500-4600 | 5650-5750 | 6150-6250,4811-5057,0,1,0,0,0,0,0,50,3,4550-5150,0
g2202590-031812_6dFGS,data/g2202590-031812_6dFGS.csv,Lines/Lines_Hbeta_OIII.csv,0.044502,20,4175-4225 | 4500-4600 | 5650-5750 | 6150-6250,4811-5057,0,1,0,0,0,0,0,50,3,4550-5150,0
g0902336-070004_WiFeS,data/g0902336-070004_WiFeS.csv,Lines/Lines_Hbeta_OIII.csv,0.089066,20,4175-4225 | 4500-4600 | 5650-5750 | 6150-6250,4811-5057,0,1,0,0,0,0,0,50,3,4550-5150,0
g0902336-070004_6dFGS,data/g0902336-070004_6dFGS.csv,Lines/Lines_Hbeta_OIII.csv,0.089066,20,4175-4225 | 4500-4600 | 5650-5750 | 6150-6250,4811-5057,0,1,0,0,0,0,0,50,3,4550-5150,0
g1522287-064441_WiFeS,data/g1522287-064441_WiFeS.csv,Lines/Lines_Hbeta_OIII.csv,0.083134,20,4175-4225 | 4500-4600 | 5650-5750 | 6150-6250,4811-5057,0,1,0,0,0,0,0,50,3,4550-5150,0
g1522287-064441_6dFGS,data/g1522287-064441_6dFGS.csv,Lines/Lines_Hbeta_OIII.csv,0.083134,20,4175-4225 | 4500-4600 | 5650-5750 | 6150-6250,4811-5057,0,1,0,0,0,0,0,50,3,4550-5150,0
g2149040-014112_WiFeS,data/g2149040-014112_WiFeS.csv,Lines/Lines_Hbeta_OIII.csv,0.052856,20,4175-4225 | 4500-4600 | 5650-5750 | 6150-6250,4811-5057,0,1,0,0,0,0,0,50,3,4550-5150,0
g2149040-014112_6dFGS,data/g2149040-014112_6dFGS.csv,Lines/Lines_Hbeta_OIII.csv,0.052856,20,4175-4225 | 4500-4600 | 5650-5750 | 6150-6250,4811-5057,0,1,0,0,0,0,0,50,3,4550-5150,0
g2130499-020814_WiFeS,data/g2130499-020814_WiFeS.csv,Lines/Lines_Hbeta_OIII.csv,0.052496,20,4175-4225 | 4500-4600 | 5650-5750 | 6150-6250,4811-5057,0,1,0,0,0,0,0,50,3,4550-5150,0
g2130499-020814_6dFGS,data/g2130499-020814_6dFGS.csv,Lines/Lines_Hbeta_OIII.csv,0.052496,20,4175-4225 | 4500-4600 | 5650-5750 | 6150-6250,4811-5057,0,1,0,0,0,0,0,50,3,4550-5150,0
g0626586-370559_WiFeS,data/g0626586-370559_WiFeS.csv,Lines/Lines_Hbeta_OIII.csv,0.038559,20,4175-4225 | 4500-4600 | 5650-5750 | 6150-6250,4811-5057,0,1,0,0,0,0,0,50,3,4550-5150,0
g0626586-370559_6dFGS,data/g0626586-370559_6dFGS.csv,Lines/Lines_Hbeta_OIII.csv,0.038559,20,4175-4225 | 4500-4600 | 5650-5750 | 6150-6250,4811-5057,0,1,0,0,0,0,0,50,3,4550-5150,0
g0209537-135321_WiFeS,data/g0209537-135321_WiFeS.csv,Lines/Lines_Hbeta_OIII.csv,0.07261,20,4175-4225 | 4500-4600 | 5650-5750 | 6150-6250,4811-5057,0,1,0,0,0,0,0,50,3,4550-5150,0
g0209537-135321_6dFGS,data/g0209537-135321_6dFGS.csv,Lines/Lines_Hbeta_OIII.csv,0.07261,20,4175-4225 | 4500-4600 | 5650-5750 | 6150-6250,4811-5057,0,1,0,0,0,0,0,50,3,4550-5150,0
g1021402-032714_WiFeS,data/g1021402-032714_WiFeS.csv,Lines/Lines_Hbeta_OIII.csv,0.040876,20,4175-4225 | 4500-4600 | 5650-5750 | 6150-6250,4811-5057,0,1,0,0,0,0,0,50,3,4550-5150,0
g1021402-032714_6dFGS,data/g1021402-032714_6dFGS.csv,Lines/Lines_Hbeta_OIII.csv,0.040876,20,4175-4225 | 4500-4600 | 5650-5750 | 6150-6250,4811-5057,0,1,0,0,0,0,0,50,3,4550-5150,0
g1408068-302354_WiFeS,data/g1408068-302354_WiFeS.csv,Lines/Lines_Hbeta_OIII.csv,0.023293,20,4175-4225 | 4500-4600 | 5650-5750 | 6150-6250,4811-5057,0,1,0,0,0,0,0,50,3,4550-5150,0
g1408068-302354_6dFGS,data/g1408068-302354_6dFGS.csv,Lines/Lines_Hbeta_OIII.csv,0.023293,20,4175-4225 | 4500-4600 | 5650-5750 | 6150-6250,4811-5057,0,1,0,0,0,0,0,50,3,4550-5150,0
g1930100-223921_WiFeS,data/g1930100-223921_WiFeS.csv,Lines/Lines_Hbeta_OIII.csv,0.047258,20,4175-4225 | 4500-4600 | 5650-5750 | 6150-6250,4811-5057,0,1,0,0,0,0,0,50,3,4550-5150,0
g1930100-223921_6dFGS,data/g1930100-223921_6dFGS.csv,Lines/Lines_Hbeta_OIII.csv,0.047258,20,4175-4225 | 4500-4600 | 5650-5750 | 6150-6250,4811-5057,0,1,0,0,0,0,0,50,3,4550-5150,0
g0400407-370506_WiFeS,data/g0400407-370506_WiFeS.csv,Lines/Lines_Hbeta_OIII.csv,0.051293,20,4175-4225 | 4500-4600 | 5650-5750 | 6150-6250,4811-5057,0,1,0,0,0,0,0,50,3,4550-5150,0
g0400407-370506_6dFGS,data/g0400407-370506_6dFGS.csv,Lines/Lines_Hbeta_OIII.csv,0.051293,20,4175-4225 | 4500-4600 | 5650-5750 | 6150-6250,4811-5057,0,1,0,0,0,0,0,50,3,4550-5150,0
g2103479-360615_WiFeS,data/g2103479-360615_WiFeS.csv,Lines/Lines_Hbeta_OIII.csv,0.081672,20,4175-4225 | 4500-4600 | 5650-5750 | 6150-6250,4811-5057,0,1,0,0,0,0,0,50,3,4550-5150,0
g2103479-360615_6dFGS,data/g2103479-360615_6dFGS.csv,Lines/Lines_Hbeta_OIII.csv,0.081672,20,4175-4225 | 4500-4600 | 5650-5750 | 6150-6250,4811-5057,0,1,0,0,0,0,0,50,3,4550-5150,0
g2027192-403336_WiFeS,data/g2027192-403336_WiFeS.csv,Lines/Lines_Hbeta_OIII.csv,0.078969,20,4175-4225 | 4500-4600 | 5650-5750 | 6150-6250,4811-5057,0,1,0,0,0,0,0,50,3,4550-5150,0
g2027192-403336_6dFGS,data/g2027192-403336_6dFGS.csv,Lines/Lines_Hbeta_OIII.csv,0.078969,20,4175-4225 | 4500-4600 | 5650-5750 | 6150-6250,4811-5057,0,1,0,0,0,0,0,50,3,4550-5150,0
g1001090-192630_WiFeS,data/g1001090-192630_WiFeS.csv,Lines/Lines_Hbeta_OIII.csv,0.011685,20,4175-4225 | 4500-4600 | 5650-5750 | 6150-6250,4811-5057,0,1,0,0,0,0,0,50,3,4550-5150,0
g1001090-192630_6dFGS,data/g1001090-192630_6dFGS.csv,Lines/Lines_Hbeta_OIII.csv,0.011685,20,4175-4225 | 4500-4600 | 5650-5750 | 6150-6250,4811-5057,0,1,0,0,0,0,0,50,3,4550-5150,0
g1511595-152614_WiFeS,data/g1511595-152614_WiFeS.csv,Lines/Lines_Hbeta_OIII.csv,0.088962,20,4175-4225 | 4500-4600 | 5650-5750 | 6150-6250,4811-5057,0,1,0,0,0,0,0,50,3,4550-5150,0
g1511595-152614_6dFGS,data/g1511595-152614_6dFGS.csv,Lines/Lines_Hbeta_OIII.csv,0.088962,20,4175-4225 | 4500-4600 | 5650-5750 | 6150-6250,4811-5057,0,1,0,0,0,0,0,50,3,4550-5150,0
g1039463-052860_WiFeS,data/g1039463-052860_WiFeS.csv,Lines/Lines_Hbeta_OIII.csv,0.020401,20,4175-4225 | 4500-4600 | 5650-5750 | 6150-6250,4811-5057,0,1,0,0,0,0,0,50,3,4550-5150,0
g1039463-052860_6dFGS,data/g1039463-052860_6dFGS.csv,Lines/Lines_Hbeta_OIII.csv,0.020401,20,4175-4225 | 4500-4600 | 5650-5750 | 6150-6250,4811-5057,0,1,0,0,0,0,0,50,3,4550-5150,0
g2112449-373012_WiFeS,data/g2112449-373012_WiFeS.csv,Lines/Lines_Hbeta_OIII.csv,0.042896,20,4175-4225 | 4500-4600 | 5650-5750 | 6150-6250,4811-5057,0,1,0,0,0,0,0,50,3,4550-5150,0
g2112449-373012_6dFGS,data/g2112449-373012_6dFGS.csv,Lines/Lines_Hbeta_OIII.csv,0.042896,20,4175-4225 | 4500-4600 | 5650-5750 | 6150-6250,4811-5057,0,1,0,0,0,0,0,50,3,4550-5150,0
g1236333-365220_WiFeS,data/g1236333-365220_WiFeS.csv,Lines/Lines_Hbeta_OIII.csv,0.088605,20,4175-4225 | 4500-4600 | 5650-5750 | 6150-6250,4811-5057,0,1,0,0,0,0,0,50,3,4550-5150,0
g1236333-365220_6dFGS,data/g1236333-365220_6dFGS.csv,Lines/Lines_Hbeta_OIII.csv,0.088605,20,4175-4225 | 4500-4600 | 5650-5750 | 6150-6250,4811-5057,0,1,0,0,0,0,0,50,3,4550-5150,0
g1554461-364623_WiFeS,data/g1554461-364623_WiFeS.csv,Lines/Lines_Hbeta_OIII.csv,0.088207,20,4175-4225 | 4500-4600 | 5650-5750 | 6150-6250,4811-5057,0,1,0,0,0,0,0,50,3,4550-5150,0
g1554461-364623_6dFGS,data/g1554461-364623_6dFGS.csv,Lines/Lines_Hbeta_OIII.csv,0.088207,20,4175-4225 | 4500-4600 | 5650-5750 | 6150-6250,4811-5057,0,1,0,0,0,0,0,50,3,4550-5150,0
g2034040-814234_WiFeS,data/g2034040-814234_WiFeS.csv,Lines/Lines_Hbeta_OIII.csv,0.033704,20,4175-4225 | 4500-4600 | 5650-5750 | 6150-6250,4811-5057,0,1,0,0,0,0,0,50,3,4550-5150,0
g2034040-814234_6dFGS,data/g2034040-814234_6dFGS.csv,Lines/Lines_Hbeta_OIII.csv,0.033704,20,4175-4225 | 4500-4600 | 5650-5750 | 6150-6250,4811-5057,0,1,0,0,0,0,0,50,3,4550-5150,0
g2115513-104122_WiFeS,data/g2115513-104122_WiFeS.csv,Lines/Lines_Hbeta_OIII.csv,0.0624,20,4175-4225 | 4500-4600 | 5650-5750 | 6150-6250,4811-5057,0,1,0,0,0,0,0,50,3,4550-5150,0
g2115513-104122_6dFGS,data/g2115513-104122_6dFGS.csv,Lines/Lines_Hbeta_OIII.csv,0.0624,20,4175-4225 | 4500-4600 | 5650-5750 | 6150-6250,4811-5057,0,1,0,0,0,0,0,50,3,4550-5150,0
g0843148-702344_WiFeS,data/g0843148-702344_WiFeS.csv,Lines/Lines_Hbeta_OIII.csv,0.081506,20,4175-4225 | 4500-4600 | 5650-5750 | 6150-6250,4811-5057,0,1,0,0,0,0,0,50,3,4550-5150,0
g0843148-702344_6dFGS,data/g0843148-702344_6dFGS.csv,Lines/Lines_Hbeta_OIII.csv,0.081506,20,4175-4225 | 4500-4600 | 5650-5750 | 6150-6250,4811-5057,0,1,0,0,0,0,0,50,3,4550-5150,0
g0801368-063610_WiFeS,data/g0801368-063610_WiFeS.csv,Lines/Lines_Hbeta_OIII.csv,0.086148,20,4175-4225 | 4500-4600 | 5650-5750 | 6150-6250,4811-5057,0,1,0,0,0,0,0,50,3,4550-5150,0
g0801368-063610_6dFGS,data/g0801368-063610_6dFGS.csv,Lines/Lines_Hbeta_OIII.csv,0.086148,20,4175-4225 | 4500-4600 | 5650-5750 | 6150-6250,4811-5057,0,1,0,0,0,0,0,50,3,4550-5150,0
g2059207-314735_WiFeS,data/g2059207-314735_WiFeS.csv,Lines/Lines_Hbeta_OIII.csv,0.073408,20,4175-4225 | 4500-4600 | 5650-5750 | 6150-6250,4811-5057,0,1,0,0,0,0,0,50,3,4550-5150,0
g2059207-314735_6dFGS,data/g2059207-314735_6dFGS.csv,Lines/Lines_Hbeta_OIII.csv,0.073408,20,4175-4225 | 4500-4600 | 5650-5750 | 6150-6250,4811-5057,0,1,0,0,0,0,0,50,3,4550-5150,0
g1119455-460732_WiFeS,data/g1119455-460732_WiFeS.csv,Lines/Lines_Hbeta_OIII.csv,0.061842,20,4175-4225 | 4500-4600 | 5650-5750 | 6150-6250,4811-5057,0,1,0,0,0,0,0,50,3,4550-5150,0
g1119455-460732_6dFGS,data/g1119455-460732_6dFGS.csv,Lines/Lines_Hbeta_OIII.csv,0.061842,20,4175-4225 | 4500-4600 | 5650-5750 | 6150-6250,4811-5057,0,1,0,0,0,0,0,50,3,4550-5150,0
g1215334-214233_WiFeS,data/g1215334-214233_WiFeS.csv,Lines/Lines_Hbeta_OIII.csv,0.068329,20,4175-4225 | 4500-4600 | 5650-5750 | 6150-6250,4811-5057,0,1,0,0,0,0,0,50,3,4550-5150,0
g1215334-214233_6dFGS,data/g1215334-214233_6dFGS.csv,Lines/Lines_Hbeta_OIII.csv,0.068329,20,4175-4225 | 4500-4600 | 5650-5750 | 6150-6250,4811-5057,0,1,0,0,0,0,0,50,3,4550-5150,0
g0917289-020452_WiFeS,data/g0917289-020452_WiFeS.csv,Lines/Lines_Hbeta_OIII.csv,0.053558,20,4175-4225 | 4500-4600 | 5650-5750 | 6150-6250,4811-5057,0,1,0,0,0,0,0,50,3,4550-5150,0
g0917289-020452_6dFGS,data/g0917289-020452_6dFGS.csv,Lines/Lines_Hbeta_OIII.csv,0.053558,20,4175-4225 | 4500-4600 | 5650-5750 | 6150-6250,4811-5057,0,1,0,0,0,0,0,50,3,4550-5150,0
g2027244-411548_WiFeS,data/g2027244-411548_WiFeS.csv,Lines/Lines_Hbeta_OIII.csv,0.065052,20,4175-4225 | 4500-4600 | 5650-5750 | 6150-6250,4811-5057,0,1,0,0,0,0,0,50,3,4550-5150,0
g2027244-411548_6dFGS,data/g2027244-411548_6dFGS.csv,Lines/Lines_Hbeta_OIII.csv,0.065052,20,4175-4225 | 4500-4600 | 5650-5750 | 6150-6250,4811-5057,0,1,0,0,0,0,0,50,3,4550-5150,0
g1313057-021039_WiFeS,data/g1313057-021039_WiFeS.csv,Lines/Lines_Hbeta_OIII.csv,0.084158,20,4175-4225 | 4500-4600 | 5650-5750 | 6150-6250,4811-5057,0,1,0,0,0,0,0,50,3,4550-5150,0
g1313057-021039_6dFGS,data/g1313057-021039_6dFGS.csv,Lines/Lines_Hbeta_OIII.csv,0.084158,20,4175-4225 | 4500-4600 | 5650-5750 | 6150-6250,4811-5057,0,1,0,0,0,0,0,50,3,4550-5150,0
g2107400-394124_WiFeS,data/g2107400-394124_WiFeS.csv,Lines/Lines_Hbeta_OIII.csv,0.050464,20,4175-4225 | 4500-4600 | 5650-5750 | 6150-6250,4811-5057,0,1,0,0,0,0,0,50,3,4550-5150,0
g2107400-394124_6dFGS,data/g2107400-394124_6dFGS.csv,Lines/Lines_Hbeta_OIII.csv,0.050464,20,4175-4225 | 4500-4600 | 5650-5750 | 6150-6250,4811-5057,0,1,0,0,0,0,0,50,3,4550-5150,0
g1032570-270730_WiFeS,data/g1032570-270730_WiFeS.csv,Lines/Lines_Hbeta_OIII.csv,0.071103,20,4175-4225 | 4500-4600 | 5650-5750 | 6150-6250,4811-5057,0,1,0,0,0,0,0,50,3,4550-5150,0
g1032570-270730_6dFGS,data/g1032570-270730_6dFGS.csv,Lines/Lines_Hbeta_OIII.csv,0.071103,20,4175-4225 | 4500-4600 | 5650-5750 | 6150-6250,4811-5057,0,1,0,0,0,0,0,50,3,4550-5150,0
