wave_rest(A),L_lambda(erg/s/A),err_L(erg/s/A)
1801.9,6.85e+43,5.17e+44
1803.1,2.12e+44,4.1e+44
1804.3,1.47e+44,3.91e+44
1805.5,8.13e+43,3.74e+44
1806.7,1.32e+44,3.85e+44
1807.9,5.13e+43,5.44e+44
1809.1,1.75e+44,3.36e+44
1810.3,1.12e+44,3.24e+44
1811.5,1.83e+44,3.11e+44
1812.7,9.22e+43,3.38e+44
1814.0,7.78e+43,3.13e+44
1815.2,1.36e+44,2.78e+44
1816.4,9.89e+43,1.05e+43
1817.6,1e+44,7.77e+42
1818.8,1.05e+44,8.15e+42
1820.0,1.04e+44,8.01e+42
1821.2,9.91e+43,7.66e+42
1822.4,9.72e+43,7.49e+42
1823.7,9.68e+43,7.47e+42
1824.9,9.79e+43,7.54e+42
1826.1,9.82e+43,7.56e+42
1827.3,1e+44,7.71e+42
1828.5,1.01e+44,7.75e+42
1829.7,1e+44,7.67e+42
1831.0,9.85e+43,7.55e+42
1832.2,9.97e+43,7.64e+42
1833.4,9.86e+43,7.54e+42
1834.6,9.98e+43,7.65e+42
1835.9,1.06e+44,8.08e+42
1837.1,1.02e+44,7.81e+42
1838.3,9.56e+43,7.29e+42
1839.5,9.74e+43,7.43e+42
1840.8,9.82e+43,7.48e+42
1842.0,9.26e+43,7.05e+42
1843.2,9.66e+43,7.34e+42
1844.4,1e+44,7.62e+42
1845.7,1e+44,7.61e+42
1846.9,9.92e+43,7.5e+42
1848.1,9.83e+43,7.44e+42
1849.4,1.01e+44,7.62e+42
1850.6,9.96e+43,7.54e+42
1851.8,9.84e+43,7.42e+42
1853.1,9.82e+43,7.41e+42
1854.3,1.02e+44,7.65e+42
1855.5,9.78e+43,7.37e+42
1856.8,1.01e+44,7.57e+42
1858.0,1.02e+44,7.67e+42
1859.3,1.01e+44,7.61e+42
1860.5,9.86e+43,7.39e+42
1861.7,9.72e+43,7.27e+42
1863.0,1e+44,7.49e+42
1864.2,1.01e+44,7.54e+42
1865.5,9.9e+43,7.38e+42
1866.7,9.52e+43,7.1e+42
1868.0,9.95e+43,7.41e+42
1869.2,1.01e+44,7.52e+42
1870.4,1e+44,7.42e+42
1871.7,9.61e+43,7.12e+42
1872.9,9.15e+43,6.74e+42
1874.2,9.05e+43,6.7e+42
1875.4,9.47e+43,6.99e+42
1876.7,9.34e+43,6.91e+42
1877.9,9.43e+43,6.95e+42
1879.2,9.76e+43,7.16e+42
1880.4,1.02e+44,7.44e+42
1881.7,1e+44,7.35e+42
1883.0,1.02e+44,7.44e+42
1884.2,1.04e+44,7.64e+42
1885.5,1.07e+44,7.8e+42
1886.7,1.06e+44,7.73e+42
1888.0,1.04e+44,7.57e+42
1889.2,1.07e+44,7.82e+42
1890.5,1.12e+44,8.08e+42
1891.8,1.13e+44,8.21e+42
1893.0,1.12e+44,8.14e+42
1894.3,1.08e+44,7.82e+42
1895.5,1.07e+44,7.71e+42
1896.8,1.1e+44,8.01e+42
1898.1,1.14e+44,8.18e+42
1899.3,1.15e+44,8.17e+42
1900.6,1.14e+44,8.06e+42
1901.9,1.19e+44,8.47e+42
1903.1,1.19e+44,8.38e+42
1904.4,1.15e+44,8.17e+42
1905.7,1.16e+44,8.16e+42
1907.0,1.18e+44,8.3e+42
1908.2,1.16e+44,8.16e+42
1909.5,1.16e+44,8.17e+42
1910.8,1.17e+44,8.29e+42
1912.0,1.16e+44,8.15e+42
1913.3,1.14e+44,7.95e+42
1914.6,1.11e+44,7.83e+42
1915.9,1.12e+44,7.82e+42
1917.2,1.03e+44,7.26e+42
1918.4,1e+44,7.03e+42
1919.7,9.96e+43,6.98e+42
1921.0,1.01e+44,7.01e+42
1922.3,9.98e+43,7.02e+42
1923.6,1.01e+44,7.02e+42
1924.8,9.34e+43,6.5e+42
1926.1,9.41e+43,6.48e+42
1927.4,9.16e+43,6.38e+42
1928.7,9.04e+43,6.25e+42
1930.0,9.03e+43,6.2e+42
1931.3,9.16e+43,6.19e+42
1932.6,9.14e+43,6.3e+42
1933.8,9.36e+43,6.37e+42
1935.1,9.17e+43,6.27e+42
1936.4,9.1e+43,6.16e+42
1937.7,9e+43,6.16e+42
1939.0,8.77e+43,5.97e+42
1940.3,8.32e+43,5.66e+42
1941.6,8.57e+43,5.79e+42
1942.9,8.62e+43,5.9e+42
1944.2,8.76e+43,5.92e+42
1945.5,8.59e+43,5.85e+42
1946.8,8.97e+43,6.01e+42
1948.1,8.61e+43,5.86e+42
1949.4,8.67e+43,5.81e+42
1950.7,8.56e+43,5.8e+42
1952.0,8.86e+43,5.93e+42
1953.3,9.11e+43,5.95e+42
1954.6,8.97e+43,5.85e+42
1955.9,8.84e+43,5.75e+42
1957.2,8.72e+43,5.73e+42
1958.5,8.61e+43,5.61e+42
1959.8,8.32e+43,5.51e+42
1961.1,8.44e+43,5.44e+42
1962.4,8.18e+43,5.38e+42
1963.7,8.14e+43,5.37e+42
1965.0,7.94e+43,5.23e+42
1966.3,8.16e+43,5.23e+42
1967.7,8.17e+43,5.32e+42
1969.0,8.26e+43,5.31e+42
1970.3,7.96e+43,5.19e+42
1971.6,8.02e+43,5.17e+42
1972.9,8.05e+43,5.18e+42
1974.2,8.21e+43,5.19e+42
1975.5,8.09e+43,5.16e+42
1976.9,8.17e+43,5.3e+42
1978.2,8.41e+43,5.39e+42
1979.5,8.13e+43,5.21e+42
1980.8,8.04e+43,4.93e+42
1982.1,7.92e+43,5e+42
1983.5,8.06e+43,5.06e+42
1984.8,8.14e+43,5.03e+42
1986.1,7.97e+43,4.92e+42
1987.4,7.78e+43,4.88e+42
1988.8,7.98e+43,4.91e+42
1990.1,7.85e+43,4.78e+42
1991.4,7.94e+43,4.81e+42
1992.7,8.41e+43,5.1e+42
1994.1,8.25e+43,5.08e+42
1995.4,8.22e+43,4.96e+42
1996.7,8.23e+43,4.97e+42
1998.1,8.52e+43,5.05e+42
1999.4,8.07e+43,4.92e+42
2000.7,8.5e+43,5.06e+42
2002.1,8.19e+43,4.95e+42
2003.4,8.32e+43,4.94e+42
2004.7,7.91e+43,4.83e+42
2006.1,8.13e+43,4.78e+42
2007.4,8.24e+43,4.77e+42
2008.7,7.98e+43,4.67e+42
2010.1,7.84e+43,4.53e+42
2011.4,7.67e+43,4.46e+42
2012.8,7.95e+43,4.5e+42
2014.1,7.89e+43,4.54e+42
2015.4,7.81e+43,4.53e+42
2016.8,7.89e+43,4.5e+42
2018.1,7.8e+43,4.49e+42
2019.5,7.92e+43,4.46e+42
2020.8,7.65e+43,4.36e+42
2022.2,7.69e+43,4.37e+42
2023.5,7.83e+43,4.37e+42
2024.9,7.85e+43,4.33e+42
2026.2,7.76e+43,4.32e+42
2027.6,7.85e+43,4.33e+42
2028.9,7.88e+43,4.27e+42
2030.3,7.69e+43,4.14e+42
2031.6,7.81e+43,4.08e+42
2033.0,7.59e+43,4.13e+42
2034.3,8.06e+43,4.22e+42
2035.7,8.04e+43,4.31e+42
2037.1,8.48e+43,4.31e+42
2038.4,8.25e+43,4.26e+42
2039.8,8.02e+43,4.23e+42
2041.1,7.97e+43,4.18e+42
2042.5,7.69e+43,4.09e+42
2043.9,7.84e+43,3.93e+42
2045.2,7.64e+43,3.92e+42
2046.6,7.78e+43,3.93e+42
2048.0,7.76e+43,3.9e+42
2049.3,7.87e+43,3.95e+42
2050.7,8.15e+43,4.05e+42
2052.1,7.82e+43,4.06e+42
2053.4,8.08e+43,4.27e+42
2054.8,8.37e+43,4.22e+42
2056.2,8.16e+43,3.95e+42
2057.5,7.99e+43,3.9e+42
2058.9,7.8e+43,3.81e+42
2060.3,8.06e+43,3.78e+42
2061.7,7.85e+43,3.77e+42
2063.0,8.04e+43,3.73e+42
2064.4,7.69e+43,3.69e+42
2065.8,7.76e+43,3.71e+42
2067.2,7.86e+43,3.67e+42
2068.5,7.66e+43,3.62e+42
2069.9,7.69e+43,3.55e+42
2071.3,7.92e+43,3.53e+42
2072.7,7.95e+43,3.53e+42
2074.1,7.97e+43,3.54e+42
2075.4,7.79e+43,3.53e+42
2076.8,7.79e+43,3.51e+42
2078.2,7.74e+43,3.49e+42
2079.6,8.2e+43,3.44e+42
2081.0,7.91e+43,3.37e+42
2082.4,7.46e+43,3.36e+42
2083.8,7.84e+43,3.37e+42
2085.2,7.42e+43,3.37e+42
2086.5,7.66e+43,3.36e+42
2087.9,7.73e+43,3.33e+42
2089.3,7.24e+43,3.44e+42
2090.7,7.61e+43,3.31e+42
2092.1,7.58e+43,3.31e+42
2093.5,7.77e+43,3.47e+42
2094.9,7.72e+43,3.41e+42
2096.3,7.58e+43,3.21e+42
2097.7,7.69e+43,3.23e+42
2099.1,7.59e+43,3.39e+42
2100.5,7.74e+43,3.22e+42
2101.9,7.8e+43,3.21e+42
2103.3,7.64e+43,3.18e+42
2104.7,7.83e+43,3.13e+42
2106.1,7.45e+43,3.1e+42
2107.5,7.57e+43,3.05e+42
2108.9,7.6e+43,3.07e+42
2110.3,7.61e+43,3.05e+42
2111.7,7.53e+43,3.05e+42
2113.1,7.37e+43,3.14e+42
2114.5,7.24e+43,3.07e+42
2116.0,7.41e+43,3.16e+42
2117.4,7.26e+43,2.97e+42
2118.8,7.13e+43,2.93e+42
2120.2,7.15e+43,2.89e+42
2121.6,7.22e+43,2.88e+42
2123.0,7.28e+43,2.86e+42
2124.4,7.09e+43,2.85e+42
2125.9,7.32e+43,2.86e+42
2127.3,7.35e+43,2.87e+42
2128.7,7.46e+43,2.84e+42
2130.1,7.39e+43,2.84e+42
2131.5,7.02e+43,2.83e+42
2133.0,7.08e+43,2.79e+42
2134.4,7.08e+43,2.79e+42
2135.8,6.87e+43,2.78e+42
2137.2,7.4e+43,2.78e+42
2138.7,7.25e+43,2.77e+42
2140.1,7.2e+43,2.75e+42
2141.5,7.08e+43,2.71e+42
2142.9,6.78e+43,2.67e+42
2144.4,7.04e+43,2.59e+42
2145.8,6.57e+43,2.53e+42
2147.2,6.33e+43,2.48e+42
2148.7,6.38e+43,2.5e+42
2150.1,6.73e+43,2.54e+42
2151.5,6.8e+43,2.56e+42
2153.0,6.94e+43,2.54e+42
2154.4,6.75e+43,2.55e+42
2155.8,6.87e+43,2.55e+42
2157.3,7.27e+43,2.56e+42
2158.7,6.87e+43,2.53e+42
2160.1,6.99e+43,2.49e+42
2161.6,6.85e+43,2.48e+42
2163.0,6.82e+43,2.47e+42
2164.5,7.01e+43,2.45e+42
2165.9,6.65e+43,2.43e+42
2167.4,6.51e+43,2.41e+42
2168.8,6.68e+43,2.4e+42
2170.2,6.9e+43,2.43e+42
2171.7,6.84e+43,2.47e+42
2173.1,6.81e+43,2.5e+42
2174.6,7e+43,2.5e+42
2176.0,7.13e+43,2.48e+42
2177.5,6.99e+43,2.47e+42
2178.9,6.8e+43,2.46e+42
2180.4,6.81e+43,2.46e+42
2181.9,6.82e+43,2.44e+42
2183.3,6.93e+43,2.43e+42
2184.8,6.88e+43,2.42e+42
2186.2,6.67e+43,2.4e+42
2187.7,6.96e+43,2.39e+42
2189.1,6.94e+43,2.39e+42
2190.6,6.63e+43,2.37e+42
2192.1,6.7e+43,2.35e+42
2193.5,6.69e+43,2.31e+42
2195.0,6.78e+43,2.32e+42
2196.4,6.64e+43,2.31e+42
2197.9,6.73e+43,2.28e+42
2199.4,6.69e+43,2.27e+42
2200.8,6.72e+43,2.24e+42
2202.3,6.64e+43,2.23e+42
2203.8,6.6e+43,2.23e+42
2205.3,6.72e+43,2.21e+42
2206.7,6.69e+43,2.21e+42
2208.2,6.63e+43,2.19e+42
2209.7,6.68e+43,2.19e+42
2211.1,6.69e+43,2.19e+42
2212.6,6.63e+43,2.16e+42
2214.1,6.63e+43,2.15e+42
2215.6,6.6e+43,2.14e+42
2217.0,6.74e+43,2.13e+42
2218.5,6.74e+43,2.12e+42
2220.0,6.79e+43,2.12e+42
2221.5,6.65e+43,2.09e+42
2223.0,6.49e+43,2.37e+42
2224.4,6.55e+43,2.32e+42
2225.9,6.68e+43,2.07e+42
2227.4,6.62e+43,2.05e+42
2228.9,6.76e+43,2.06e+42
2230.4,6.93e+43,2.05e+42
2231.9,6.7e+43,2.03e+42
2233.4,6.62e+43,2.03e+42
2234.9,6.7e+43,2.03e+42
2236.3,6.62e+43,2.01e+42
2237.8,6.52e+43,1.99e+42
2239.3,6.67e+43,1.96e+42
2240.8,6.58e+43,1.95e+42
2242.3,6.75e+43,1.97e+42
2243.8,6.64e+43,1.95e+42
2245.3,6.62e+43,1.94e+42
2246.8,6.4e+43,1.94e+42
2248.3,6.58e+43,1.94e+42
2249.8,6.57e+43,1.93e+42
2251.3,6.56e+43,1.91e+42
2252.8,6.64e+43,1.91e+42
2254.3,6.5e+43,1.9e+42
2255.8,6.44e+43,1.9e+42
2257.3,6.46e+43,1.89e+42
2258.8,6.5e+43,1.89e+42
2260.3,6.52e+43,1.88e+42
2261.8,6.5e+43,1.86e+42
2263.3,6.49e+43,1.85e+42
2264.8,6.53e+43,1.84e+42
2266.4,6.53e+43,1.83e+42
2267.9,6.58e+43,1.83e+42
2269.4,6.73e+43,1.9e+42
2270.9,6.48e+43,1.83e+42
2272.4,6.68e+43,1.85e+42
2273.9,6.64e+43,1.81e+42
2275.4,6.72e+43,1.79e+42
2277.0,6.55e+43,1.36e+42
2278.5,6.64e+43,1.28e+42
2280.0,6.6e+43,1.28e+42
2281.5,6.69e+43,1.27e+42
2283.0,6.56e+43,1.27e+42
2284.6,6.42e+43,1.25e+42
2286.1,6.55e+43,1.23e+42
2287.6,6.59e+43,1.23e+42
2289.1,6.48e+43,1.23e+42
2290.7,6.66e+43,1.22e+42
2292.2,6.51e+43,1.2e+42
2293.7,6.65e+43,1.21e+42
2295.2,6.63e+43,1.2e+42
2296.8,6.58e+43,1.19e+42
2298.3,6.61e+43,1.18e+42
2299.8,6.6e+43,1.18e+42
2301.4,6.63e+43,1.16e+42
2302.9,6.68e+43,1.16e+42
2304.4,6.6e+43,1.16e+42
2306.0,6.44e+43,1.14e+42
2307.5,6.54e+43,1.12e+42
2309.1,6.55e+43,1.13e+42
2310.6,6.71e+43,1.14e+42
2312.1,6.75e+43,1.14e+42
2313.7,6.65e+43,1.11e+42
2315.2,6.72e+43,1.11e+42
2316.8,6.59e+43,1.1e+42
2318.3,6.54e+43,1.1e+42
2319.9,6.6e+43,1.09e+42
2321.4,6.73e+43,1.09e+42
2323.0,6.76e+43,1.08e+42
2324.5,6.67e+43,1.08e+42
2326.1,6.73e+43,1.07e+42
2327.6,6.8e+43,1.07e+42
2329.2,6.7e+43,1.07e+42
2330.7,6.57e+43,1.05e+42
2332.3,6.57e+43,1.04e+42
2333.8,6.55e+43,1.19e+42
2335.4,6.53e+43,1.04e+42
2336.9,6.4e+43,1.03e+42
2338.5,6.55e+43,1.03e+42
2340.1,6.5e+43,1.02e+42
2341.6,6.55e+43,1.03e+42
2343.2,6.47e+43,1.01e+42
2344.7,6.48e+43,1.02e+42
2346.3,6.46e+43,9.95e+41
2347.9,6.53e+43,9.91e+41
2349.4,6.38e+43,9.75e+41
2351.0,6.47e+43,9.75e+41
2352.6,6.4e+43,9.63e+41
2354.1,6.35e+43,9.9e+41
2355.7,6.39e+43,9.7e+41
2357.3,6.49e+43,9.78e+41
2358.9,6.4e+43,9.69e+41
2360.4,6.45e+43,9.56e+41
2362.0,6.45e+43,9.53e+41
2363.6,6.5e+43,9.67e+41
2365.2,6.41e+43,9.54e+41
2366.7,6.38e+43,9.51e+41
2368.3,6.38e+43,9.8e+41
2369.9,6.4e+43,9.45e+41
2371.5,6.25e+43,1.07e+42
2373.0,6.37e+43,9.46e+41
2374.6,6.37e+43,9.29e+41
2376.2,6.37e+43,9.3e+41
2377.8,6.33e+43,9.35e+41
2379.4,6.37e+43,9.18e+41
2381.0,6.37e+43,9.76e+41
2382.6,6.37e+43,9.31e+41
2384.1,6.35e+43,9.06e+41
2385.7,6.31e+43,9.12e+41
2387.3,6.44e+43,9e+41
2388.9,6.44e+43,8.91e+41
2390.5,6.38e+43,8.9e+41
2392.1,6.42e+43,8.85e+41
2393.7,6.34e+43,8.65e+41
2395.3,6.4e+43,8.77e+41
2396.9,6.39e+43,8.7e+41
2398.5,6.37e+43,8.72e+41
2400.1,6.27e+43,8.67e+41
2401.7,6.34e+43,8.66e+41
2403.3,6.4e+43,8.63e+41
2404.9,6.49e+43,8.54e+41
2406.5,6.42e+43,8.57e+41
2408.1,6.43e+43,8.55e+41
2409.7,6.51e+43,8.55e+41
2411.3,6.54e+43,8.43e+41
2412.9,6.51e+43,8.46e+41
2414.5,6.62e+43,8.41e+41
2416.1,6.58e+43,8.37e+41
2417.8,6.63e+43,8.44e+41
2419.4,6.44e+43,8.28e+41
2421.0,6.52e+43,8.19e+41
2422.6,6.62e+43,8.17e+41
2424.2,6.51e+43,8.15e+41
2425.8,6.45e+43,8.03e+41
2427.5,6.57e+43,8.04e+41
2429.1,6.56e+43,8e+41
2430.7,6.47e+43,7.95e+41
2432.3,6.56e+43,7.83e+41
2433.9,6.45e+43,7.77e+41
2435.6,6.4e+43,7.92e+41
2437.2,6.51e+43,7.73e+41
2438.8,6.36e+43,7.66e+41
2440.4,6.34e+43,7.86e+41
2442.1,6.5e+43,7.6e+41
2443.7,6.41e+43,7.56e+41
2445.3,6.37e+43,7.49e+41
2446.9,6.16e+43,7.35e+41
2448.6,6.29e+43,7.41e+41
2450.2,6.19e+43,7.36e+41
2451.8,6.25e+43,7.29e+41
2453.5,6.25e+43,7.27e+41
2455.1,6.32e+43,7.23e+41
2456.8,6.15e+43,7.2e+41
2458.4,6.15e+43,7.15e+41
2460.0,6.21e+43,7.16e+41
2461.7,6.28e+43,7.11e+41
2463.3,6.35e+43,7.13e+41
2465.0,6.22e+43,7.1e+41
2466.6,6.22e+43,7e+41
2468.2,6.26e+43,6.98e+41
2469.9,6.27e+43,6.94e+41
2471.5,6.19e+43,7.11e+41
2473.2,6.22e+43,6.85e+41
2474.8,6.22e+43,6.82e+41
2476.5,6.22e+43,6.79e+41
2478.1,6.21e+43,6.78e+41
2479.8,6.21e+43,6.73e+41
2481.4,6.13e+43,6.75e+41
2483.1,6.17e+43,6.66e+41
2484.8,6.18e+43,6.62e+41
2486.4,6.19e+43,6.6e+41
2488.1,6.19e+43,6.61e+41
2489.7,6.13e+43,6.6e+41
2491.4,6.25e+43,6.53e+41
2493.1,6.16e+43,6.47e+41
2494.7,6.11e+43,6.48e+41
2496.4,6.17e+43,6.43e+41
2498.0,6.19e+43,6.43e+41
2499.7,6.1e+43,6.39e+41
2501.4,6.08e+43,6.34e+41
2503.0,6.04e+43,6.29e+41
2504.7,5.99e+43,6.28e+41
2506.4,6.05e+43,6.27e+41
2508.1,6e+43,6.23e+41
2509.7,6.06e+43,6.21e+41
2511.4,5.98e+43,6.17e+41
2513.1,5.99e+43,6.15e+41
2514.8,5.96e+43,6.13e+41
2516.4,5.94e+43,6.13e+41
2518.1,5.9e+43,6.08e+41
2519.8,5.98e+43,6.06e+41
2521.5,5.96e+43,6.05e+41
2523.2,6e+43,6.05e+41
2524.8,5.94e+43,6.01e+41
2526.5,5.98e+43,5.99e+41
2528.2,5.95e+43,5.96e+41
2529.9,6.04e+43,5.93e+41
2531.6,5.91e+43,5.89e+41
2533.3,5.93e+43,5.87e+41
2535.0,5.95e+43,5.88e+41
2536.6,5.96e+43,5.84e+41
2538.3,5.95e+43,5.81e+41
2540.0,5.95e+43,6.89e+41
2541.7,5.94e+43,5.79e+41
2543.4,5.9e+43,5.79e+41
2545.1,5.83e+43,5.76e+41
2546.8,5.86e+43,5.74e+41
2548.5,5.76e+43,5.64e+41
2550.2,5.75e+43,5.77e+41
2551.9,5.71e+43,5.82e+41
2553.6,5.8e+43,5.66e+41
2555.3,5.82e+43,5.62e+41
2557.0,5.83e+43,5.62e+41
2558.7,5.8e+43,5.61e+41
2560.4,5.79e+43,5.58e+41
2562.1,5.72e+43,5.56e+41
2563.8,5.82e+43,5.57e+41
2565.6,5.79e+43,5.52e+41
2567.3,5.77e+43,5.49e+41
2569.0,5.75e+43,5.48e+41
2570.7,5.73e+43,5.46e+41
2572.4,5.71e+43,5.46e+41
2574.1,5.66e+43,5.42e+41
2575.8,5.63e+43,5.48e+41
2577.6,5.6e+43,5.46e+41
2579.3,5.7e+43,5.5e+41
2581.0,5.62e+43,5.37e+41
2582.7,5.62e+43,5.34e+41
2584.4,5.59e+43,5.33e+41
2586.2,5.62e+43,5.32e+41
2587.9,5.62e+43,5.32e+41
2589.6,5.64e+43,5.31e+41
2591.3,5.63e+43,5.31e+41
2593.1,5.61e+43,5.28e+41
2594.8,5.58e+43,5.27e+41
2596.5,5.62e+43,5.24e+41
2598.3,5.6e+43,5.25e+41
2600.0,5.56e+43,5.21e+41
2601.7,5.58e+43,5.18e+41
2603.5,5.5e+43,5.18e+41
2605.2,5.58e+43,5.18e+41
2606.9,5.63e+43,5.25e+41
2608.7,5.58e+43,5.17e+41
2610.4,5.54e+43,5.15e+41
2612.2,5.58e+43,5.14e+41
2613.9,5.63e+43,5.13e+41
2615.6,5.58e+43,5.1e+41
2617.4,5.56e+43,5.11e+41
2619.1,5.58e+43,5.11e+41
2620.9,5.55e+43,5.07e+41
2622.6,5.62e+43,5.1e+41
2624.4,5.53e+43,5.06e+41
2626.1,5.55e+43,5.04e+41
2627.9,5.52e+43,5.05e+41
2629.6,5.56e+43,5.06e+41
2631.4,5.53e+43,5.04e+41
2633.1,5.57e+43,5.01e+41
2634.9,5.46e+43,5e+41
2636.6,5.52e+43,4.99e+41
2638.4,5.53e+43,4.98e+41
2640.2,5.4e+43,4.96e+41
2641.9,5.44e+43,4.94e+41
2643.7,5.39e+43,5.01e+41
2645.5,5.39e+43,4.91e+41
2647.2,5.39e+43,4.88e+41
2649.0,5.38e+43,4.88e+41
2650.7,5.33e+43,4.94e+41
2652.5,5.22e+43,7.04e+41
2654.3,5.3e+43,4.78e+41
2656.1,5.35e+43,4.8e+41
2657.8,5.34e+43,4.8e+41
2659.6,5.32e+43,4.77e+41
2661.4,5.35e+43,4.78e+41
2663.1,5.32e+43,4.78e+41
2664.9,5.34e+43,4.8e+41
2666.7,5.34e+43,4.77e+41
2668.5,5.31e+43,4.72e+41
2670.3,5.29e+43,4.68e+41
2672.0,5.18e+43,4.7e+41
2673.8,5.34e+43,4.75e+41
2675.6,5.29e+43,4.79e+41
2677.4,5.38e+43,4.71e+41
2679.2,5.3e+43,4.75e+41
2681.0,5.32e+43,4.67e+41
2682.7,5.32e+43,4.7e+41
2684.5,5.32e+43,4.67e+41
2686.3,5.36e+43,4.6e+41
2688.1,5.34e+43,4.65e+41
2689.9,5.34e+43,4.8e+41
2691.7,5.32e+43,4.69e+41
2693.5,5.33e+43,4.6e+41
2695.3,5.36e+43,4.61e+41
2697.1,5.33e+43,4.57e+41
2698.9,5.32e+43,4.59e+41
2700.7,5.29e+43,4.56e+41
2702.5,5.34e+43,4.57e+41
2704.3,5.43e+43,4.63e+41
2706.1,5.35e+43,4.73e+41
2707.9,5.4e+43,4.54e+41
2709.7,5.48e+43,4.53e+41
2711.5,5.4e+43,4.51e+41
2713.3,5.46e+43,4.5e+41
2715.1,5.42e+43,4.51e+41
2716.9,5.47e+43,4.5e+41
2718.8,5.45e+43,4.47e+41
2720.6,5.44e+43,4.5e+41
2722.4,5.45e+43,4.49e+41
2724.2,5.47e+43,4.46e+41
2726.0,5.48e+43,4.5e+41
2727.8,5.53e+43,4.44e+41
2729.7,5.5e+43,4.41e+41
2731.5,5.48e+43,4.4e+41
2733.3,5.46e+43,4.38e+41
2735.1,5.49e+43,4.39e+41
2736.9,5.47e+43,4.36e+41
2738.8,5.52e+43,4.35e+41
2740.6,5.44e+43,4.35e+41
2742.4,5.44e+43,4.36e+41
2744.3,5.55e+43,4.87e+41
2746.1,5.52e+43,4.99e+41
2747.9,5.57e+43,4.55e+41
2749.7,5.51e+43,4.3e+41
2751.6,5.55e+43,4.29e+41
2753.4,5.54e+43,4.27e+41
2755.3,5.57e+43,4.31e+41
2757.1,5.6e+43,4.27e+41
2758.9,5.57e+43,4.28e+41
2760.8,5.5e+43,4.27e+41
2762.6,5.57e+43,4.3e+41
2764.5,5.63e+43,4.29e+41
2766.3,5.54e+43,4.25e+41
2768.1,5.62e+43,4.27e+41
2770.0,5.56e+43,4.21e+41
2771.8,5.59e+43,4.15e+41
2773.7,5.71e+43,4.23e+41
2775.5,5.81e+43,4.25e+41
2777.4,5.83e+43,4.26e+41
2779.2,5.89e+43,4.27e+41
2781.1,6.02e+43,4.3e+41
2782.9,6.13e+43,4.29e+41
2784.8,6.26e+43,4.29e+41
2786.7,6.4e+43,4.33e+41
2788.5,6.6e+43,4.35e+41
2790.4,6.64e+43,4.36e+41
2792.2,6.87e+43,4.83e+41
2794.1,6.98e+43,4.42e+41
2796.0,6.92e+43,4.39e+41
2797.8,7e+43,4.37e+41
2799.7,7.06e+43,4.38e+41
2801.6,6.91e+43,4.35e+41
2803.4,6.75e+43,4.33e+41
2805.3,6.6e+43,4.29e+41
2807.2,6.36e+43,4.25e+41
2809.0,6.24e+43,4.23e+41
2810.9,6.06e+43,4.19e+41
2812.8,5.93e+43,4.16e+41
2814.7,5.82e+43,4.14e+41
2816.5,5.7e+43,4.28e+41
2818.4,5.61e+43,4.16e+41
2820.3,5.58e+43,4.06e+41
2822.2,5.47e+43,4.01e+41
2824.1,5.45e+43,3.99e+41
2825.9,5.46e+43,4.03e+41
2827.8,5.42e+43,4.03e+41
2829.7,5.47e+43,3.96e+41
2831.6,5.43e+43,3.99e+41
2833.5,5.46e+43,4.67e+41
2835.4,5.4e+43,3.98e+41
2837.3,5.4e+43,4e+41
2839.2,5.4e+43,4.04e+41
2841.1,5.39e+43,3.98e+41
2842.9,5.41e+43,3.95e+41
2844.8,5.38e+43,3.95e+41
2846.7,5.33e+43,3.95e+41
2848.6,5.34e+43,3.94e+41
2850.5,5.24e+43,3.94e+41
2852.4,5.28e+43,3.93e+41
2854.3,5.26e+43,3.9e+41
2856.2,5.27e+43,3.95e+41
2858.2,5.2e+43,3.9e+41
2860.1,5.19e+43,3.92e+41
2862.0,5.11e+43,3.89e+41
2863.9,5.16e+43,3.88e+41
2865.8,5.11e+43,3.87e+41
2867.7,5.11e+43,4e+41
2869.6,5.09e+43,3.94e+41
2871.5,5.11e+43,3.86e+41
2873.4,5.08e+43,3.83e+41
2875.4,5.06e+43,3.81e+41
2877.3,5.07e+43,3.81e+41
2879.2,5.04e+43,3.89e+41
2881.1,5.06e+43,3.84e+41
2883.0,5.07e+43,3.84e+41
2885.0,4.98e+43,3.81e+41
2886.9,5e+43,3.83e+41
2888.8,5e+43,3.83e+41
2890.7,5e+43,3.83e+41
2892.7,5.01e+43,3.81e+41
2894.6,4.92e+43,3.81e+41
2896.5,4.96e+43,3.83e+41
2898.4,4.9e+43,3.81e+41
2900.4,4.94e+43,3.82e+41
2902.3,4.89e+43,3.8e+41
2904.2,4.87e+43,3.81e+41
2906.2,4.85e+43,3.86e+41
2908.1,4.88e+43,3.8e+41
2910.1,4.85e+43,3.79e+41
2912.0,4.86e+43,3.81e+41
2913.9,4.89e+43,5.01e+41
2915.9,4.85e+43,3.82e+41
2917.8,4.86e+43,3.82e+41
2919.8,4.92e+43,3.83e+41
2921.7,4.93e+43,3.84e+41
2923.7,4.96e+43,3.86e+41
2925.6,4.99e+43,3.86e+41
2927.6,4.94e+43,4.14e+41
2929.5,4.96e+43,3.86e+41
2931.5,4.96e+43,3.91e+41
2933.4,5.01e+43,3.87e+41
2935.4,5.03e+43,3.89e+41
2937.4,5e+43,3.89e+41
2939.3,4.94e+43,3.87e+41
2941.3,4.93e+43,3.89e+41
2943.2,4.95e+43,3.89e+41
2945.2,5.01e+43,3.95e+41
2947.2,5e+43,3.9e+41
2949.1,4.97e+43,3.91e+41
2951.1,4.97e+43,3.89e+41
2953.1,4.94e+43,3.9e+41
2955.0,4.86e+43,3.98e+41
2957.0,4.91e+43,3.92e+41
2959.0,4.94e+43,3.93e+41
2960.9,4.88e+43,3.92e+41
2962.9,4.91e+43,3.94e+41
2964.9,4.89e+43,3.93e+41
2966.9,4.94e+43,3.98e+41
2968.9,4.94e+43,4.1e+41
2970.8,4.83e+43,3.95e+41
2972.8,4.89e+43,3.96e+41
2974.8,4.83e+43,3.98e+41
2976.8,4.86e+43,4.02e+41
2978.8,4.9e+43,4.05e+41
2980.8,4.84e+43,3.98e+41
2982.7,4.79e+43,4.01e+41
2984.7,4.81e+43,3.97e+41
2986.7,4.79e+43,3.94e+41
2988.7,4.77e+43,3.94e+41
2990.7,4.74e+43,3.94e+41
2992.7,4.74e+43,4.03e+41
2994.7,4.72e+43,3.94e+41
2996.7,4.68e+43,3.93e+41
2998.7,4.71e+43,3.98e+41
3000.7,4.7e+43,4.18e+41
3002.7,4.6e+43,3.96e+41
3004.7,4.58e+43,3.94e+41
3006.7,4.59e+43,3.95e+41
3008.7,4.57e+43,3.98e+41
3010.7,4.56e+43,3.95e+41
3012.7,4.53e+43,3.96e+41
3014.7,4.52e+43,3.96e+41
3016.7,4.48e+43,3.96e+41
3018.7,4.46e+43,3.96e+41
3020.8,4.41e+43,3.97e+41
3022.8,4.46e+43,3.98e+41
3024.8,4.46e+43,4.95e+41
3026.8,4.47e+43,6.26e+41
3028.8,4.41e+43,6.22e+41
3030.8,4.48e+43,6.24e+41
3032.9,4.47e+43,6.22e+41
3034.9,4.47e+43,6.21e+41
3036.9,4.46e+43,6.23e+41
3038.9,4.5e+43,6.24e+41
3041.0,4.47e+43,6.23e+41
3043.0,4.44e+43,6.23e+41
3045.0,4.49e+43,8.76e+41
3047.1,4.52e+43,6.45e+41
3049.1,4.49e+43,6.24e+41
3051.1,4.46e+43,6.24e+41
3053.2,4.43e+43,6.22e+41
3055.2,4.49e+43,6.22e+41
3057.2,4.48e+43,6.26e+41
3059.3,4.45e+43,6.26e+41
3061.3,4.46e+43,6.44e+41
3063.3,4.43e+43,6.21e+41
3065.4,4.49e+43,6.18e+41
3067.4,4.46e+43,6.18e+41
3069.5,4.4e+43,6.16e+41
3071.5,4.42e+43,6.14e+41
3073.6,4.38e+43,6.1e+41
3075.6,4.44e+43,6.09e+41
3077.7,4.27e+43,6.14e+41
3079.7,4.4e+43,6.1e+41
3081.8,4.39e+43,5.99e+41
3083.8,4.34e+43,5.93e+41
3085.9,4.35e+43,5.9e+41
3088.0,4.4e+43,5.86e+41
3090.0,4.35e+43,5.8e+41
3092.1,4.32e+43,5.75e+41
3094.1,4.37e+43,5.72e+41
3096.2,4.31e+43,5.67e+41
3098.3,4.29e+43,5.85e+41
3100.3,4.27e+43,6.28e+41
3102.4,4.28e+43,6.17e+41
3104.5,4.29e+43,6.05e+41
3106.5,4.18e+43,6.09e+41
3108.6,4.14e+43,6.05e+41
3110.7,4.21e+43,5.78e+41
3112.8,4.23e+43,5.72e+41
3114.8,4.29e+43,5.67e+41
3116.9,4.28e+43,5.61e+41
3119.0,4.24e+43,5.54e+41
3121.1,4.25e+43,5.51e+41
3123.1,4.24e+43,5.47e+41
3125.2,4.21e+43,5.43e+41
3127.3,4.2e+43,5.42e+41
3129.4,4.24e+43,5.42e+41
3131.5,4.14e+43,5.38e+41
3133.6,4.15e+43,5.35e+41
3135.7,4.13e+43,5.34e+41
3137.8,4.17e+43,5.32e+41
3139.9,4.15e+43,5.3e+41
3141.9,4.19e+43,5.29e+41
3144.0,4.19e+43,5.32e+41
3146.1,4.19e+43,5.29e+41
3148.2,4.17e+43,5.28e+41
3150.3,4.22e+43,5.29e+41
3152.4,4.2e+43,5.28e+41
3154.5,4.21e+43,5.23e+41
3156.6,4.21e+43,5.21e+41
3158.7,4.31e+43,5.23e+41
3160.9,4.26e+43,5.23e+41
3163.0,4.24e+43,5.19e+41
3165.1,4.25e+43,5.17e+41
3167.2,4.3e+43,5.18e+41
3169.3,4.3e+43,5.17e+41
3171.4,4.25e+43,5.14e+41
3173.5,4.3e+43,5.14e+41
3175.6,4.39e+43,5.14e+41
3177.8,4.46e+43,5.15e+41
3179.9,4.4e+43,5.14e+41
3182.0,4.31e+43,5.12e+41
3184.1,4.29e+43,5.07e+41
3186.2,4.24e+43,5.05e+41
3188.4,4.27e+43,5.02e+41
3190.5,4.3e+43,4.98e+41
3192.6,4.26e+43,4.95e+41
3194.7,4.29e+43,4.92e+41
3196.9,4.25e+43,4.87e+41
3199.0,4.21e+43,4.85e+41
3201.1,4.27e+43,4.84e+41
3203.3,4.33e+43,4.92e+41
3205.4,4.24e+43,4.78e+41
3207.6,4.27e+43,4.73e+41
3209.7,4.27e+43,4.66e+41
3211.8,4.14e+43,4.68e+41
3214.0,4.17e+43,4.77e+41
3216.1,3.86e+43,5.29e+41
3218.3,4.03e+43,4.71e+41
3220.4,4.04e+43,4.62e+41
3222.6,4.12e+43,4.37e+41
3224.7,4.19e+43,4.38e+41
3226.9,4.25e+43,4.32e+41
3229.0,4.19e+43,4.34e+41
3231.2,4.08e+43,4.26e+41
3233.3,4.09e+43,4.18e+41
3235.5,4.07e+43,4.17e+41
3237.6,4.16e+43,4.13e+41
3239.8,4.1e+43,4.2e+41
3242.0,4.14e+43,4.08e+41
3244.1,3.97e+43,3.98e+41
3246.3,4.01e+43,4.01e+41
3248.4,4.04e+43,3.95e+41
3250.6,4.06e+43,4.03e+41
3252.8,3.99e+43,3.89e+41
3254.9,4.1e+43,3.89e+41
3257.1,4e+43,3.85e+41
3259.3,3.95e+43,3.84e+41
3261.5,4.01e+43,3.82e+41
3263.6,4.06e+43,3.85e+41
3265.8,4.08e+43,3.78e+41
3268.0,4.08e+43,3.77e+41
3270.2,4.07e+43,3.74e+41
3272.4,4.03e+43,3.73e+41
3274.5,4.02e+43,3.72e+41
3276.7,4.04e+43,3.72e+41
3278.9,4.02e+43,3.73e+41
3281.1,4.02e+43,3.69e+41
3283.3,4.05e+43,3.7e+41
3285.5,4.05e+43,3.69e+41
3287.7,4.02e+43,3.67e+41
3289.8,4.01e+43,3.66e+41
3292.0,3.96e+43,3.67e+41
3294.2,4.01e+43,3.68e+41
3296.4,3.97e+43,3.67e+41
3298.6,4e+43,3.67e+41
3300.8,3.95e+43,3.66e+41
3303.0,3.96e+43,3.68e+41
3305.2,3.98e+43,3.68e+41
3307.4,3.94e+43,3.68e+41
3309.6,3.89e+43,3.67e+41
3311.9,3.89e+43,3.67e+41
3314.1,3.91e+43,3.66e+41
3316.3,3.85e+43,3.66e+41
3318.5,3.91e+43,3.66e+41
3320.7,3.89e+43,4.2e+41
3322.9,3.83e+43,3.84e+41
3325.1,3.83e+43,3.66e+41
3327.3,3.88e+43,3.92e+41
3329.6,3.9e+43,3.75e+41
3331.8,3.9e+43,3.65e+41
3334.0,3.87e+43,3.65e+41
3336.2,3.86e+43,3.75e+41
3338.5,3.86e+43,3.66e+41
3340.7,3.82e+43,3.63e+41
3342.9,3.85e+43,3.64e+41
3345.1,3.74e+43,3.64e+41
3347.4,3.77e+43,3.65e+41
3349.6,3.77e+43,3.64e+41
3351.8,3.78e+43,3.66e+41
3354.1,3.71e+43,3.65e+41
3356.3,3.74e+43,3.65e+41
3358.5,3.73e+43,3.63e+41
3360.8,3.83e+43,3.84e+41
3363.0,3.79e+43,3.64e+41
3365.3,3.74e+43,3.57e+41
3367.5,3.68e+43,3.64e+41
3369.8,3.71e+43,3.82e+41
3372.0,3.78e+43,3.71e+41
3374.3,3.79e+43,3.56e+41
3376.5,3.75e+43,3.55e+41
3378.8,3.74e+43,3.52e+41
3381.0,3.73e+43,3.52e+41
3383.3,3.75e+43,3.5e+41
3385.5,3.75e+43,3.5e+41
3387.8,3.72e+43,3.5e+41
3390.0,3.71e+43,3.46e+41
3392.3,3.71e+43,3.45e+41
3394.6,3.72e+43,3.43e+41
3396.8,3.72e+43,3.47e+41
3399.1,3.7e+43,3.41e+41
3401.4,3.74e+43,3.38e+41
3403.6,3.72e+43,3.48e+41
3405.9,3.76e+43,3.53e+41
3408.2,3.67e+43,3.41e+41
3410.4,3.71e+43,3.35e+41
3412.7,3.69e+43,3.33e+41
3415.0,3.63e+43,3.31e+41
3417.3,3.62e+43,3.49e+41
3419.5,3.61e+43,3.32e+41
3421.8,3.62e+43,3.34e+41
3424.1,3.62e+43,3.28e+41
3426.4,3.57e+43,3.34e+41
3428.7,3.69e+43,3.49e+41
3431.0,3.61e+43,3.41e+41
3433.3,3.66e+43,3.5e+41
3435.5,3.6e+43,3.27e+41
3437.8,3.51e+43,3.34e+41
3440.1,3.67e+43,4.94e+41
3442.4,3.59e+43,3.45e+41
3444.7,3.56e+43,3.37e+41
3447.0,3.56e+43,3.23e+41
3449.3,3.54e+43,3.21e+41
3451.6,3.57e+43,3.3e+41
3453.9,3.56e+43,3.27e+41
3456.2,3.56e+43,3.44e+41
3458.5,3.56e+43,3.28e+41
3460.8,3.57e+43,3.29e+41
3463.1,3.56e+43,3.29e+41
3465.4,3.59e+43,3.32e+41
3467.8,3.58e+43,3.32e+41
3470.1,3.57e+43,3.38e+41
3472.4,3.59e+43,3.41e+41
3474.7,3.57e+43,4.05e+41
3477.0,3.59e+43,3.37e+41
3479.3,3.54e+43,3.33e+41
3481.7,3.56e+43,3.35e+41
3484.0,3.55e+43,3.37e+41
3486.3,3.55e+43,3.4e+41
3488.6,3.57e+43,3.39e+41
3491.0,3.6e+43,3.37e+41
3493.3,3.53e+43,3.35e+41
3495.6,3.56e+43,3.35e+41
3497.9,3.56e+43,3.35e+41
3500.3,3.48e+43,3.33e+41
3502.6,3.51e+43,3.36e+41
3504.9,3.49e+43,3.67e+41
3507.3,3.54e+43,3.56e+41
3509.6,3.56e+43,3.35e+41
3512.0,3.54e+43,3.32e+41
3514.3,3.49e+43,3.33e+41
3516.6,3.51e+43,3.32e+41
3519.0,3.52e+43,3.32e+41
3521.3,3.43e+43,3.3e+41
3523.7,3.44e+43,3.3e+41
3526.0,3.44e+43,3.29e+41
3528.4,3.35e+43,3.28e+41
3530.7,3.35e+43,3.37e+41
3533.1,3.36e+43,3.34e+41
3535.5,3.29e+43,3.22e+41
3537.8,3.33e+43,3.23e+41
3540.2,3.32e+43,3.2e+41
3542.5,3.31e+43,3.19e+41
3544.9,3.33e+43,3.18e+41
3547.3,3.33e+43,3.26e+41
3549.6,3.35e+43,3.31e+41
3552.0,3.36e+43,3.25e+41
3554.4,3.37e+43,3.16e+41
3556.7,3.3e+43,3.16e+41
3559.1,3.2e+43,3.09e+41
3561.5,3.34e+43,3.18e+41
3563.9,3.37e+43,3.14e+41
3566.2,3.35e+43,3.21e+41
3568.6,3.35e+43,3.17e+41
3571.0,3.37e+43,3.12e+41
3573.4,3.32e+43,3.15e+41
3575.8,3.33e+43,3.09e+41
3578.1,3.33e+43,3.23e+41
3580.5,3.38e+43,3.08e+41
3582.9,3.37e+43,3.17e+41
3585.3,3.36e+43,3.08e+41
3587.7,3.34e+43,3.07e+41
3590.1,3.3e+43,3.07e+41
3592.5,3.32e+43,3.15e+41
3594.9,3.31e+43,3.53e+41
3597.3,3.3e+43,3.01e+41
3599.7,3.31e+43,3e+41
3602.1,3.28e+43,3.03e+41
3604.5,3.31e+43,3.02e+41
3606.9,3.3e+43,3.05e+41
3609.3,3.27e+43,2.99e+41
3611.7,3.26e+43,2.98e+41
3614.1,3.28e+43,2.98e+41
3616.5,3.29e+43,2.97e+41
3618.9,3.26e+43,2.97e+41
3621.3,3.26e+43,2.96e+41
3623.7,3.31e+43,2.96e+41
3626.2,3.29e+43,2.95e+41
3628.6,3.26e+43,3.04e+41
3631.0,3.23e+43,3e+41
3633.4,3.24e+43,2.97e+41
3635.8,3.21e+43,2.99e+41
3638.3,3.21e+43,2.92e+41
3640.7,3.22e+43,2.93e+41
3643.1,3.22e+43,2.92e+41
3645.6,3.21e+43,2.9e+41
3648.0,3.23e+43,2.91e+41
3650.4,3.21e+43,2.91e+41
3652.9,3.13e+43,2.89e+41
3655.3,3.16e+43,2.88e+41
3657.7,3.24e+43,2.91e+41
3660.2,3.15e+43,2.89e+41
3662.6,3.14e+43,2.91e+41
3665.0,3.14e+43,3.19e+41
3667.5,3.13e+43,2.91e+41
3669.9,3.12e+43,2.87e+41
3672.4,3.16e+43,2.86e+41
3674.8,3.2e+43,2.91e+41
3677.3,3.18e+43,3.3e+41
3679.7,3.13e+43,2.85e+41
3682.2,3.17e+43,2.86e+41
3684.6,3.14e+43,2.85e+41
3687.1,3.15e+43,2.84e+41
3689.6,3.12e+43,2.83e+41
3692.0,3.1e+43,2.82e+41
3694.5,3.13e+43,2.82e+41
3697.0,3.07e+43,2.8e+41
3699.4,3.07e+43,2.81e+41
3701.9,3.08e+43,2.81e+41
3704.4,3.05e+43,2.89e+41
3706.8,3.07e+43,2.83e+41
3709.3,3.09e+43,2.82e+41
3711.8,3.06e+43,2.82e+41
3714.2,3.1e+43,2.32e+41
3716.7,3.12e+43,1.87e+41
3719.2,3.11e+43,1.88e+41
3721.7,3.11e+43,1.96e+41
3724.2,3.14e+43,1.9e+41
3726.6,3.13e+43,1.91e+41
3729.1,3.11e+43,2.09e+41
3731.6,3.11e+43,2.07e+41
3734.1,3.14e+43,1.95e+41
3736.6,3.11e+43,1.94e+41
3739.1,3.14e+43,1.94e+41
3741.6,3.16e+43,1.92e+41
3744.1,3.16e+43,1.91e+41
3746.6,3.13e+43,2.03e+41
3749.1,2.91e+43,2.26e+41
3751.6,3.12e+43,2.7e+41
3754.1,3.12e+43,2.32e+41
3756.6,3.12e+43,2.1e+41
3759.1,3.06e+43,2e+41
3761.6,3.09e+43,2.17e+41
3764.1,3.06e+43,2.06e+41
3766.6,3.05e+43,2.06e+41
3769.1,3.05e+43,2.07e+41
3771.6,3.06e+43,1.98e+41
3774.1,3.08e+43,2.05e+41
3776.7,3.07e+43,1.94e+41
3779.2,3.08e+43,2.03e+41
3781.7,3.06e+43,1.98e+41
3784.2,2.95e+43,1.9e+41
3786.8,2.99e+43,1.89e+41
3789.3,2.98e+43,2.03e+41
3791.8,3.01e+43,1.91e+41
3794.3,2.95e+43,2.06e+41
3796.9,2.96e+43,1.87e+41
3799.4,2.84e+43,1.84e+41
3801.9,2.96e+43,1.85e+41
3804.5,3.04e+43,1.89e+41
3807.0,3.01e+43,1.99e+41
3809.5,3.02e+43,1.95e+41
3812.1,3.05e+43,1.89e+41
3814.6,2.97e+43,1.85e+41
3817.2,2.97e+43,1.86e+41
3819.7,3e+43,1.86e+41
3822.3,2.97e+43,1.84e+41
3824.8,2.93e+43,1.85e+41
3827.4,2.98e+43,1.92e+41
3829.9,2.99e+43,1.85e+41
3832.5,2.96e+43,1.81e+41
3835.0,2.94e+43,1.86e+41
3837.6,2.93e+43,1.8e+41
3840.1,3.12e+43,1.83e+41
3842.7,3e+43,1.8e+41
3845.3,3.04e+43,1.82e+41
3847.8,3.05e+43,1.84e+41
3850.4,3e+43,1.83e+41
3853.0,3.06e+43,1.8e+41
3855.5,3.05e+43,1.79e+41
3858.1,3.06e+43,1.8e+41
3860.7,3.06e+43,1.8e+41
3863.2,3.08e+43,1.8e+41
3865.8,3.02e+43,1.79e+41
3868.4,3.1e+43,1.79e+41
3871.0,3.01e+43,1.78e+41
3873.6,3.03e+43,1.76e+41
3876.1,2.97e+43,1.77e+41
3878.7,2.97e+43,1.76e+41
3881.3,2.94e+43,1.74e+41
3883.9,2.92e+43,1.73e+41
3886.5,2.9e+43,1.72e+41
3889.1,2.91e+43,1.72e+41
3891.7,2.89e+43,1.73e+41
3894.3,2.9e+43,1.77e+41
3896.9,2.86e+43,1.77e+41
3899.5,2.88e+43,1.73e+41
3902.1,2.85e+43,1.75e+41
3904.7,2.8e+43,1.71e+41
3907.3,2.85e+43,1.71e+41
3909.9,2.83e+43,1.74e+41
3912.5,2.84e+43,1.79e+41
3915.1,2.86e+43,1.93e+41
3917.7,2.85e+43,2.03e+41
3920.3,2.89e+43,1.97e+41
3922.9,2.83e+43,2.07e+41
3925.6,2.87e+43,1.97e+41
3928.2,2.93e+43,2.09e+41
3930.8,2.82e+43,2.01e+41
3933.4,2.91e+43,2.03e+41
3936.0,2.9e+43,1.88e+41
3938.7,2.85e+43,1.74e+41
3941.3,2.81e+43,1.75e+41
3943.9,2.81e+43,1.75e+41
3946.5,2.83e+43,1.8e+41
3949.2,2.79e+43,1.93e+41
3951.8,2.87e+43,2.06e+41
3954.5,2.85e+43,2.39e+41
3957.1,2.83e+43,2.13e+41
3959.7,2.81e+43,2.06e+41
3962.4,2.84e+43,1.87e+41
3965.0,2.79e+43,1.84e+41
3967.7,2.83e+43,1.92e+41
3970.3,2.75e+43,1.85e+41
3972.9,2.82e+43,2.56e+41
3975.6,2.82e+43,1.88e+41
3978.2,2.69e+43,1.94e+41
3980.9,2.73e+43,1.94e+41
3983.6,2.76e+43,1.9e+41
3986.2,2.71e+43,1.79e+41
3988.9,2.72e+43,1.96e+41
3991.5,2.68e+43,1.84e+41
3994.2,2.7e+43,2.08e+41
3996.9,2.67e+43,1.83e+41
3999.5,2.67e+43,1.68e+41
4002.2,2.67e+43,1.88e+41
4004.9,2.53e+43,1.65e+41
4007.5,2.68e+43,1.96e+41
4010.2,2.67e+43,1.72e+41
4012.9,2.59e+43,1.67e+41
4015.6,2.69e+43,1.68e+41
4018.2,2.6e+43,1.81e+41
4020.9,2.61e+43,1.67e+41
4023.6,2.59e+43,1.91e+41
4026.3,2.69e+43,1.7e+41
4029.0,2.66e+43,1.67e+41
4031.6,2.59e+43,1.66e+41
4034.3,2.65e+43,1.68e+41
4037.0,2.61e+43,1.84e+41
4039.7,2.61e+43,1.71e+41
4042.4,2.64e+43,1.84e+41
4045.1,2.62e+43,1.65e+41
4047.8,2.62e+43,1.66e+41
4050.5,2.63e+43,1.66e+41
4053.2,2.64e+43,1.65e+41
4055.9,2.65e+43,1.7e+41
4058.6,2.69e+43,1.67e+41
4061.3,2.67e+43,1.78e+41
4064.0,2.66e+43,1.67e+41
4066.7,2.69e+43,1.67e+41
4069.5,2.67e+43,1.66e+41
4072.2,2.68e+43,1.67e+41
4074.9,2.7e+43,1.69e+41
4077.6,2.69e+43,1.71e+41
4080.3,2.67e+43,1.79e+41
4083.0,2.68e+43,1.73e+41
4085.8,2.68e+43,1.79e+41
4088.5,2.69e+43,1.67e+41
4091.2,2.69e+43,1.7e+41
4093.9,2.71e+43,1.67e+41
4096.7,2.72e+43,1.67e+41
4099.4,2.7e+43,1.66e+41
4102.1,2.68e+43,1.66e+41
4104.9,2.66e+43,1.68e+41
4107.6,2.63e+43,1.89e+41
4110.4,2.66e+43,1.7e+41
4113.1,2.64e+43,1.71e+41
4115.8,2.63e+43,1.66e+41
4118.6,2.61e+43,1.67e+41
4121.3,2.63e+43,1.65e+41
4124.1,2.62e+43,1.66e+41
4126.8,2.61e+43,1.71e+41
4129.6,2.56e+43,1.65e+41
4132.3,2.61e+43,1.68e+41
4135.1,2.55e+43,1.88e+41
4137.8,2.54e+43,1.71e+41
4140.6,2.55e+43,1.66e+41
4143.4,2.53e+43,1.71e+41
4146.1,2.47e+43,1.96e+41
4148.9,2.45e+43,4.3e+41
4151.7,2.44e+43,6.88e+41
4154.4,2.56e+43,5.79e+41
4157.2,2.6e+43,3.39e+41
4160.0,2.52e+43,2.04e+41
4162.7,2.49e+43,2.72e+41
4165.5,2.49e+43,3.11e+41
4168.3,2.5e+43,3.05e+41
4171.1,2.52e+43,2.79e+41
4173.9,2.55e+43,2.43e+41
4176.6,2.58e+43,2.23e+41
4179.4,2.58e+43,2.16e+41
4182.2,2.65e+43,2.06e+41
4185.0,2.53e+43,1.95e+41
4187.8,2.53e+43,1.8e+41
4190.6,2.48e+43,1.74e+41
4193.4,2.51e+43,1.72e+41
4196.2,2.45e+43,1.86e+41
4199.0,2.47e+43,1.72e+41
4201.8,2.43e+43,1.66e+41
4204.6,2.47e+43,1.75e+41
4207.4,2.46e+43,1.66e+41
4210.2,2.48e+43,1.85e+41
4213.0,2.44e+43,2.15e+41
4215.8,2.47e+43,1.71e+41
4218.6,2.48e+43,1.78e+41
4221.4,2.48e+43,1.66e+41
4224.3,2.5e+43,1.7e+41
4227.1,2.51e+43,1.67e+41
4229.9,2.54e+43,1.7e+41
4232.7,2.5e+43,2.11e+41
4235.5,2.53e+43,1.73e+41
4238.4,2.52e+43,1.8e+41
4241.2,2.53e+43,1.66e+41
4244.0,2.51e+43,1.74e+41
4246.8,2.51e+43,1.7e+41
4249.7,2.48e+43,1.75e+41
4252.5,2.51e+43,1.7e+41
4255.3,2.5e+43,2.01e+41
4258.2,2.5e+43,1.67e+41
4261.0,2.49e+43,1.67e+41
4263.9,2.51e+43,1.84e+41
4266.7,2.49e+43,1.69e+41
4269.5,2.51e+43,1.96e+41
4272.4,2.52e+43,1.79e+41
4275.2,2.5e+43,1.69e+41
4278.1,2.53e+43,1.68e+41
4281.0,2.53e+43,1.83e+41
4283.8,2.58e+43,1.7e+41
4286.7,2.59e+43,1.91e+41
4289.5,2.57e+43,1.95e+41
4292.4,2.6e+43,1.9e+41
4295.2,2.58e+43,1.79e+41
4298.1,2.6e+43,1.92e+41
4301.0,2.62e+43,1.81e+41
4303.8,2.64e+43,1.86e+41
4306.7,2.63e+43,1.87e+41
4309.6,2.57e+43,1.85e+41
4312.5,2.63e+43,1.74e+41
4315.3,2.64e+43,1.74e+41
4318.2,2.67e+43,1.77e+41
4321.1,2.72e+43,2.26e+41
4324.0,2.74e+43,2.01e+41
4326.9,2.8e+43,1.85e+41
4329.7,2.77e+43,1.92e+41
4332.6,2.9e+43,1.83e+41
4335.5,2.91e+43,1.79e+41
4338.4,2.89e+43,1.8e+41
4341.3,2.86e+43,1.91e+41
4344.2,2.83e+43,1.76e+41
4347.1,2.7e+43,1.81e+41
4350.0,2.78e+43,2.09e+41
4352.9,2.78e+43,1.78e+41
4355.8,2.8e+43,1.97e+41
4358.7,2.7e+43,1.88e+41
4361.6,2.65e+43,1.81e+41
4364.5,2.72e+43,2.13e+41
4367.4,2.58e+43,1.77e+41
4370.3,2.61e+43,1.75e+41
4373.3,2.57e+43,1.73e+41
4376.2,2.31e+43,1.95e+41
4379.1,2.47e+43,1.76e+41
4382.0,2.49e+43,2.03e+41
4384.9,2.5e+43,1.78e+41
4387.9,2.47e+43,1.73e+41
4390.8,2.46e+43,1.74e+41
4393.7,2.48e+43,1.71e+41
4396.6,2.52e+43,1.83e+41
4399.6,2.5e+43,1.71e+41
4402.5,2.47e+43,1.9e+41
4405.4,2.46e+43,1.72e+41
4408.4,2.49e+43,1.72e+41
4411.3,2.48e+43,1.75e+41
4414.3,2.43e+43,1.73e+41
4417.2,2.46e+43,1.72e+41
4420.2,2.42e+43,1.75e+41
4423.1,2.43e+43,1.79e+41
4426.1,2.43e+43,1.76e+41
4429.0,2.34e+43,1.72e+41
4432.0,2.35e+43,1.72e+41
4434.9,2.31e+43,1.72e+41
4437.9,2.34e+43,1.73e+41
4440.8,2.36e+43,1.91e+41
4443.8,2.35e+43,1.84e+41
4446.8,2.35e+43,1.87e+41
4449.7,2.33e+43,1.99e+41
4452.7,2.34e+43,1.99e+41
4455.7,2.33e+43,1.97e+41
4458.6,2.36e+43,1.98e+41
4461.6,2.38e+43,1.95e+41
4464.6,2.28e+43,2.01e+41
4467.6,2.34e+43,1.87e+41
4470.5,2.31e+43,1.9e+41
4473.5,2.35e+43,1.84e+41
4476.5,2.34e+43,1.95e+41
4479.5,2.43e+43,1.78e+41
4482.5,2.4e+43,1.75e+41
4485.5,2.4e+43,1.76e+41
4488.5,2.37e+43,1.79e+41
4491.4,2.28e+43,2.07e+41
4494.4,2.41e+43,2.34e+41
4497.4,2.39e+43,1.85e+41
4500.4,2.38e+43,1.84e+41
4503.4,2.55e+43,1.78e+41
4506.4,2.46e+43,1.77e+41
4509.4,2.42e+43,1.94e+41
4512.5,2.5e+43,1.79e+41
4515.5,2.5e+43,1.78e+41
4518.5,2.39e+43,1.98e+41
4521.5,2.43e+43,2.31e+41
4524.5,2.47e+43,2.14e+41
4527.5,2.43e+43,1.97e+41
4530.5,2.45e+43,2.39e+41
4533.6,2.4e+43,1.93e+41
4536.6,2.49e+43,1.89e+41
4539.6,2.36e+43,1.86e+41
4542.6,2.39e+43,1.98e+41
4545.7,2.49e+43,1.78e+41
4548.7,2.39e+43,1.77e+41
4551.7,2.4e+43,1.78e+41
4554.8,2.43e+43,2.06e+41
4557.8,2.41e+43,2.01e+41
4560.8,2.39e+43,2.03e+41
4563.9,2.38e+43,1.76e+41
4566.9,2.38e+43,1.91e+41
4570.0,2.43e+43,1.74e+41
4573.0,2.33e+43,1.72e+41
4576.1,2.4e+43,1.96e+41
4579.1,2.35e+43,1.72e+41
4582.2,2.43e+43,1.74e+41
4585.2,2.4e+43,2.09e+41
4588.3,2.41e+43,1.75e+41
4591.4,2.3e+43,1.68e+41
4594.4,2.34e+43,1.93e+41
4597.5,2.32e+43,1.71e+41
4600.5,2.36e+43,1.79e+41
4603.6,2.29e+43,2.14e+41
4606.7,2.3e+43,1.68e+41
4609.8,2.28e+43,1.68e+41
4612.8,2.29e+43,1.77e+41
4615.9,2.31e+43,1.9e+41
4619.0,2.27e+43,1.71e+41
4622.1,2.3e+43,2.08e+41
4625.1,2.3e+43,1.7e+41
4628.2,2.27e+43,1.7e+41
4631.3,2.24e+43,1.66e+41
4634.4,2.26e+43,1.68e+41
4637.5,2.26e+43,1.85e+41
4640.6,2.25e+43,1.69e+41
4643.7,2.22e+43,1.94e+41
4646.8,2.19e+43,1.68e+41
4649.9,2.19e+43,1.68e+41
4653.0,2.19e+43,1.7e+41
4656.1,2.21e+43,1.68e+41
4659.2,2.17e+43,1.67e+41
4662.3,2.13e+43,1.75e+41
4665.4,2.14e+43,1.72e+41
4668.5,2.1e+43,1.81e+41
4671.6,2.08e+43,1.66e+41
4674.7,2.09e+43,1.64e+41
4677.9,2.07e+43,1.67e+41
4681.0,2.04e+43,1.64e+41
4684.1,2.07e+43,1.65e+41
4687.2,2.08e+43,1.67e+41
4690.4,2.07e+43,1.73e+41
4693.5,2.05e+43,1.73e+41
4696.6,2.06e+43,1.67e+41
4699.7,2.05e+43,1.67e+41
4702.9,2.05e+43,1.73e+41
4706.0,2.05e+43,1.84e+41
4709.2,2.01e+43,1.94e+41
4712.3,2.03e+43,2.02e+41
4715.4,2.07e+43,1.91e+41
4718.6,2.04e+43,1.77e+41
4721.7,2.03e+43,1.83e+41
4724.9,2.06e+43,2e+41
4728.0,2.02e+43,1.96e+41
4731.2,2.05e+43,1.88e+41
4734.3,2.06e+43,1.87e+41
4737.5,2.04e+43,1.82e+41
4740.7,2.04e+43,1.82e+41
4743.8,2.07e+43,1.78e+41
4747.0,2.04e+43,1.72e+41
4750.1,2.02e+43,1.71e+41
4753.3,2.01e+43,1.72e+41
4756.5,2.04e+43,1.69e+41
4759.7,2.05e+43,1.68e+41
4762.8,2.04e+43,1.72e+41
4766.0,2.03e+43,1.69e+41
4769.2,2.06e+43,1.67e+41
4772.4,2.07e+43,1.73e+41
4775.5,2.09e+43,1.81e+41
4778.7,2.04e+43,1.7e+41
4781.9,2.06e+43,1.91e+41
4785.1,2.12e+43,2.11e+41
4788.3,2.07e+43,2.11e+41
4791.5,2.08e+43,2.06e+41
4794.7,2.15e+43,1.95e+41
4797.9,2.17e+43,1.72e+41
4801.1,2.14e+43,1.93e+41
4804.3,2.17e+43,1.73e+41
4807.5,2.21e+43,1.72e+41
4810.7,2.19e+43,1.81e+41
4813.9,2.27e+43,1.77e+41
4817.1,2.28e+43,1.85e+41
4820.3,2.39e+43,2.62e+41
4823.5,2.34e+43,2.2e+41
4826.8,2.47e+43,1.99e+41
4830.0,2.51e+43,1.96e+41
4833.2,2.6e+43,2.04e+41
4836.4,2.63e+43,1.88e+41
4839.6,2.71e+43,1.94e+41
4842.9,2.82e+43,2.21e+41
4846.1,2.98e+43,1.96e+41
4849.3,3.01e+43,1.96e+41
4852.6,3.18e+43,2.52e+41
4855.8,3.24e+43,2.01e+41
4859.0,3.22e+43,2.04e+41
4862.3,3.22e+43,2.34e+41
4865.5,3.17e+43,2.06e+41
4868.8,2.99e+43,2.26e+41
4872.0,3.09e+43,2.3e+41
4875.3,2.83e+43,2.08e+41
4878.5,2.84e+43,2.21e+41
4881.8,2.72e+43,2.24e+41
4885.0,2.64e+43,2.28e+41
4888.3,2.55e+43,2.22e+41
4891.5,2.6e+43,2.74e+41
4894.8,2.44e+43,2.53e+41
4898.1,2.45e+43,2.32e+41
4901.3,2.38e+43,2.23e+41
4904.6,2.4e+43,2.33e+41
4907.9,2.22e+43,3.71e+41
4911.2,2.39e+43,2.37e+41
4914.4,2.32e+43,2.86e+41
4917.7,2.35e+43,2.66e+41
4921.0,2.46e+43,2.51e+41
4924.3,2.5e+43,2.65e+41
4927.5,2.35e+43,2.66e+41
4930.8,2.25e+43,2.26e+41
4934.1,2.28e+43,2.2e+41
4937.4,2.14e+43,2.22e+41
4940.7,2.13e+43,2.35e+41
4944.0,2.14e+43,3.32e+41
4947.3,2.12e+43,4.12e+41
4950.6,2.12e+43,4.31e+41
4953.9,2.17e+43,4.83e+41
4957.2,2.05e+43,4.29e+41
4960.5,2.18e+43,5.33e+41
4963.8,2.13e+43,4.71e+41
4967.1,2.09e+43,4.48e+41
4970.4,2.1e+43,4.8e+41
4973.8,2.24e+43,4.9e+41
4977.1,2.11e+43,4.35e+41
4980.4,2.2e+43,4.61e+41
4983.7,2.07e+43,4.37e+41
4987.0,2.17e+43,5.52e+41
4990.4,2.26e+43,4.83e+41
4993.7,2.13e+43,4.26e+41
4997.0,2.1e+43,5.39e+41
5000.4,2.15e+43,5.24e+41
5003.7,2.28e+43,4.49e+41
5007.0,2.19e+43,4.7e+41
5010.4,2.08e+43,5.85e+41
5013.7,1.94e+43,4.59e+41
5017.0,2.07e+43,5.21e+41
5020.4,1.78e+43,4.36e+41
5023.7,2.09e+43,4.46e+41
5027.1,2.43e+43,4.55e+41
5030.4,1.85e+43,4.49e+41
5033.8,1.9e+43,4.7e+41
5037.2,1.9e+43,4.93e+41
5040.5,1.84e+43,4.7e+41
5043.9,1.72e+43,4.61e+41
5047.2,1.73e+43,4.93e+41
5050.6,1.83e+43,5.22e+41
5054.0,1.95e+43,4.98e+41
5057.3,1.78e+43,5.05e+41
5060.7,1.97e+43,5.34e+41
5064.1,1.7e+43,5.31e+41
5067.5,1.7e+43,5.92e+41
5070.8,1.55e+43,6.19e+41
5074.2,1.58e+43,6.37e+41
5077.6,1.63e+43,7.54e+41
5081.0,1.58e+43,8.82e+41
5084.4,1.68e+43,1.54e+42
5087.8,1.94e+43,1.48e+42
5091.2,1.7e+43,1.67e+42
5094.6,1.63e+43,1.05e+42
5098.0,1.65e+43,2.33e+42
5101.4,1.66e+43,2.37e+42
5104.8,1.6e+43,8.83e+41
5108.2,1.38e+43,1.7e+42
5111.6,1.71e+43,1.08e+42
5115.0,1.55e+43,1.79e+42
5118.4,9.89e+42,3.04e+42
5121.8,1.9e+43,2.41e+42
5125.2,1.63e+43,1.02e+42
5128.6,1.89e+43,8.42e+41
5132.1,1.72e+43,8.55e+41
5135.5,1.65e+43,7.86e+41
5138.9,1.68e+43,8.47e+41
5142.3,1.73e+43,8.69e+41
5145.8,1.76e+43,8.45e+41
5149.2,1.97e+43,1.09e+42
5152.6,1.93e+43,8.6e+41
5156.1,1.85e+43,1.32e+42
5159.5,1.96e+43,7.87e+41
5163.0,1.81e+43,9.37e+41
5166.4,2.04e+43,1.18e+42
5169.8,2.01e+43,9.82e+41
5173.3,1.84e+43,9.13e+41
5176.7,1.95e+43,9.5e+41
5180.2,1.85e+43,7.79e+41
5183.6,1.89e+43,7.94e+41
5187.1,1.82e+43,1.06e+42
5190.6,2.1e+43,7.73e+41
5194.0,1.99e+43,6.27e+41
5197.5,1.9e+43,7.68e+41
5201.0,2.02e+43,8.29e+41
5204.4,2.03e+43,7.21e+41
5207.9,2.01e+43,6.31e+41
5211.4,2.02e+43,6.22e+41
5214.8,1.94e+43,6.19e+41
5218.3,2.1e+43,5.91e+41
5221.8,2.09e+43,5.14e+41
5225.3,2e+43,5.51e+41
5228.8,2.02e+43,4.57e+41
5232.3,2.01e+43,4.59e+41
5235.7,2e+43,4.14e+41
5239.2,2.04e+43,4.42e+41
5242.7,1.97e+43,3.89e+41
5246.2,1.99e+43,3.8e+41
5249.7,2.02e+43,3.56e+41
5253.2,2e+43,3.45e+41
5256.7,2e+43,3.56e+41
5260.2,2.03e+43,3.28e+41
5263.7,1.95e+43,3.32e+41
5267.3,2e+43,3.15e+41
5270.8,2.01e+43,2.95e+41
5274.3,1.96e+43,2.9e+41
5277.8,2.02e+43,3e+41
5281.3,2e+43,2.83e+41
5284.8,2.01e+43,2.54e+41
5288.4,1.97e+43,2.6e+41
5291.9,1.93e+43,2.48e+41
5295.4,1.99e+43,2.42e+41
5298.9,1.94e+43,2.38e+41
5302.5,1.96e+43,2.21e+41
5306.0,1.97e+43,2.24e+41
5309.6,1.97e+43,2.2e+41
5313.1,1.93e+43,2.11e+41
5316.6,1.94e+43,2.06e+41
5320.2,1.96e+43,2.01e+41
5323.7,1.96e+43,2.03e+41
5327.3,1.94e+43,1.97e+41
5330.8,1.94e+43,1.92e+41
5334.4,1.9e+43,1.81e+41
5338.0,1.92e+43,1.78e+41
5341.5,1.89e+43,1.8e+41
5345.1,1.88e+43,1.76e+41
5348.6,1.85e+43,1.83e+41
5352.2,1.84e+43,1.7e+41
5355.8,1.82e+43,1.65e+41
5359.3,1.82e+43,1.65e+41
5362.9,1.81e+43,1.62e+41
5366.5,1.81e+43,1.6e+41
5370.1,1.79e+43,1.56e+41
5373.7,1.79e+43,1.55e+41
5377.2,1.76e+43,1.57e+41
5380.8,1.77e+43,1.54e+41
5384.4,1.77e+43,1.49e+41
5388.0,1.75e+43,1.47e+41
5391.6,1.75e+43,1.56e+41
5395.2,1.73e+43,1.48e+41
5398.8,1.76e+43,1.46e+41
5402.4,1.73e+43,1.42e+41
5406.0,1.72e+43,1.42e+41
5409.6,1.72e+43,1.4e+41
5413.2,1.73e+43,1.42e+41
5416.8,1.71e+43,1.43e+41
5420.4,1.73e+43,1.36e+41
5424.0,1.72e+43,1.35e+41
5427.7,1.7e+43,1.36e+41
5431.3,1.72e+43,1.41e+41
5434.9,1.68e+43,1.33e+41
5438.5,1.68e+43,1.35e+41
5442.2,1.68e+43,1.3e+41
5445.8,1.66e+43,1.27e+41
5449.4,1.65e+43,1.26e+41
5453.1,1.63e+43,1.27e+41
5456.7,1.63e+43,1.23e+41
5460.3,1.63e+43,1.23e+41
5464.0,1.65e+43,1.23e+41
5467.6,1.64e+43,1.33e+41
5471.3,1.63e+43,1.28e+41
5474.9,1.64e+43,1.25e+41
5478.6,1.61e+43,1.21e+41
5482.2,1.6e+43,1.23e+41
5485.9,1.63e+43,1.24e+41
5489.5,1.64e+43,1.23e+41
5493.2,1.63e+43,1.22e+41
5496.8,1.61e+43,1.25e+41
5500.5,1.63e+43,1.22e+41
5504.2,1.62e+43,1.22e+41
5507.9,1.64e+43,1.26e+41
5511.5,1.66e+43,1.21e+41
5515.2,1.62e+43,1.17e+41
5518.9,1.64e+43,1.19e+41
5522.6,1.64e+43,1.16e+41
5526.2,1.59e+43,1.14e+41
5529.9,1.59e+43,1.21e+41
5533.6,1.59e+43,1.13e+41
5537.3,1.58e+43,1.11e+41
5541.0,1.59e+43,1.11e+41
5544.7,1.58e+43,1.13e+41
5548.4,1.57e+43,1.11e+41
5552.1,1.57e+43,1.1e+41
5555.8,1.56e+43,1.18e+41
5559.5,1.55e+43,1.08e+41
5563.2,1.56e+43,1.09e+41
5566.9,1.57e+43,1.12e+41
5570.6,1.55e+43,1.07e+41
5574.3,1.54e+43,1.1e+41
5578.1,1.54e+43,1.13e+41
5581.8,1.54e+43,1.07e+41
5585.5,1.55e+43,1.1e+41
5589.2,1.52e+43,1.07e+41
5593.0,1.53e+43,1.04e+41
5596.7,1.52e+43,1.04e+41
5600.4,1.5e+43,1.02e+41
5604.2,1.5e+43,1.02e+41
5607.9,1.5e+43,1.03e+41
5611.6,1.49e+43,1.04e+41
5615.4,1.48e+43,1.1e+41
5619.1,1.49e+43,1.21e+41
5622.9,1.48e+43,1.06e+41
5626.6,1.49e+43,9.97e+40
5630.4,1.47e+43,1.01e+41
5634.1,1.48e+43,9.86e+40
5637.9,1.48e+43,9.88e+40
5641.6,1.45e+43,9.76e+40
5645.4,1.47e+43,9.66e+40
5649.2,1.44e+43,9.7e+40
5652.9,1.45e+43,9.94e+40
5656.7,1.47e+43,9.68e+40
5660.5,1.44e+43,9.55e+40
5664.3,1.46e+43,1.05e+41
5668.0,1.44e+43,1e+41
5671.8,1.45e+43,9.39e+40
5675.6,1.43e+43,9.39e+40
5679.4,1.43e+43,9.78e+40
5683.2,1.42e+43,9.29e+40
5687.0,1.44e+43,9.26e+40
5690.7,1.43e+43,1.07e+41
5694.5,1.42e+43,9.18e+40
5698.3,1.4e+43,9.12e+40
5702.1,1.43e+43,9.13e+40
5705.9,1.43e+43,9.25e+40
5709.7,1.45e+43,9.41e+40
5713.6,1.42e+43,8.96e+40
5717.4,1.41e+43,9.93e+40
5721.2,1.4e+43,8.93e+40
5725.0,1.41e+43,8.88e+40
5728.8,1.41e+43,8.91e+40
5732.6,1.41e+43,8.84e+40
5736.5,1.43e+43,8.88e+40
5740.3,1.39e+43,9.01e+40
5744.1,1.42e+43,8.79e+40
5747.9,1.41e+43,9.27e+40
5751.8,1.39e+43,8.69e+40
5755.6,1.42e+43,8.72e+40
5759.4,1.41e+43,8.67e+40
5763.3,1.4e+43,8.65e+40
5767.1,1.4e+43,8.56e+40
5771.0,1.41e+43,8.53e+40
5774.8,1.42e+43,8.76e+40
5778.7,1.39e+43,8.51e+40
5782.5,1.4e+43,9.14e+40
5786.4,1.4e+43,8.59e+40
5790.2,1.4e+43,8.39e+40
5794.1,1.41e+43,8.41e+40
5798.0,1.39e+43,8.36e+40
5801.8,1.4e+43,8.34e+40
5805.7,1.38e+43,8.35e+40
5809.6,1.41e+43,8.47e+40
5813.5,1.42e+43,8.5e+40
5817.3,1.41e+43,8.5e+40
5821.2,1.42e+43,8.38e+40
5825.1,1.4e+43,8.34e+40
5829.0,1.4e+43,8.34e+40
5832.9,1.41e+43,8.29e+40
5836.8,1.38e+43,8.27e+40
5840.6,1.4e+43,8.35e+40
5844.5,1.42e+43,8.5e+40
5848.4,1.42e+43,8.53e+40
5852.3,1.44e+43,8.53e+40
5856.2,1.42e+43,8.48e+40
5860.1,1.42e+43,9.02e+40
5864.1,1.43e+43,8.24e+40
5868.0,1.44e+43,8.68e+40
5871.9,1.45e+43,9.21e+40
5875.8,1.44e+43,8.09e+40
5879.7,1.44e+43,8.07e+40
5883.6,1.43e+43,8.46e+40
5887.6,1.45e+43,8.05e+40
5891.5,1.43e+43,7.95e+40
5895.4,1.44e+43,7.97e+40
5899.3,1.42e+43,7.96e+40
5903.3,1.41e+43,7.92e+40
5907.2,1.42e+43,7.88e+40
5911.2,1.41e+43,7.86e+40
5915.1,1.4e+43,1.02e+41
5919.0,1.41e+43,8.35e+40
5923.0,1.37e+43,8.47e+40
5926.9,1.38e+43,7.81e+40
5930.9,1.39e+43,8.14e+40
5934.9,1.38e+43,7.67e+40
5938.8,1.35e+43,7.77e+40
5942.8,1.4e+43,7.74e+40
5946.7,1.39e+43,7.71e+40
5950.7,1.38e+43,8.25e+40
5954.7,1.41e+43,7.81e+40
5958.6,1.4e+43,7.65e+40
5962.6,1.39e+43,7.74e+40
5966.6,1.4e+43,9.81e+40
5970.6,1.38e+43,7.7e+40
5974.5,1.43e+43,7.86e+40
5978.5,1.41e+43,8.36e+40
5982.5,1.41e+43,7.9e+40
5986.5,1.4e+43,7.72e+40
5990.5,1.41e+43,8.21e+40
5994.5,1.39e+43,8.97e+40
5998.5,1.39e+43,7.75e+40
6002.5,1.4e+43,7.7e+40
6006.5,1.36e+43,7.58e+40
6010.5,1.37e+43,8.12e+40
6014.5,1.36e+43,7.59e+40
6018.5,1.36e+43,7.57e+40
6022.5,1.37e+43,9e+40
6026.6,1.36e+43,7.5e+40
6030.6,1.35e+43,7.61e+40
6034.6,1.35e+43,7.45e+40
6038.6,1.35e+43,7.61e+40
6042.6,1.35e+43,7.93e+40
6046.7,1.36e+43,8.14e+40
6050.7,1.36e+43,7.79e+40
6054.7,1.36e+43,8.4e+40
6058.8,1.34e+43,7.84e+40
6062.8,1.37e+43,7.68e+40
6066.9,1.37e+43,7.89e+40
6070.9,1.35e+43,7.62e+40
6075.0,1.37e+43,7.82e+40
6079.0,1.34e+43,8.51e+40
6083.1,1.35e+43,8.17e+40
6087.1,1.36e+43,8.01e+40
6091.2,1.35e+43,8.98e+40
6095.2,1.34e+43,9.58e+40
6099.3,1.34e+43,1e+41
6103.4,1.36e+43,8.4e+40
6107.4,1.35e+43,8.91e+40
6111.5,1.34e+43,1.04e+41
6115.6,1.35e+43,9.12e+40
6119.7,1.38e+43,8.62e+40
6123.8,1.36e+43,9.42e+40
6127.8,1.35e+43,1.3e+41
6131.9,1.38e+43,9.94e+40
6136.0,1.4e+43,1.12e+41
6140.1,1.38e+43,8.28e+40
6144.2,1.4e+43,1.11e+41
6148.3,1.37e+43,1.11e+41
6152.4,1.39e+43,8.67e+40
6156.5,1.38e+43,1.02e+41
6160.6,1.37e+43,9.61e+40
6164.7,1.4e+43,9.96e+40
6168.8,1.37e+43,1.15e+41
6172.9,1.36e+43,8.71e+40
6177.1,1.37e+43,8.68e+40
6181.2,1.38e+43,8.16e+40
6185.3,1.37e+43,9.27e+40
6189.4,1.34e+43,1.2e+41
6193.6,1.4e+43,1.29e+41
6197.7,1.3e+43,2.02e+41
6201.8,1.37e+43,1.08e+41
6205.9,1.35e+43,8.45e+40
6210.1,1.36e+43,8.18e+40
6214.2,1.37e+43,8.49e+40
6218.4,1.39e+43,8.54e+40
6222.5,1.4e+43,7.78e+40
6226.7,1.4e+43,8.02e+40
6230.8,1.39e+43,8.73e+40
6235.0,1.4e+43,8.36e+40
6239.1,1.41e+43,7.98e+40
6243.3,1.42e+43,8.18e+40
6247.5,1.43e+43,1.32e+41
6251.6,1.4e+43,9.63e+40
6255.8,1.37e+43,9.27e+40
6260.0,1.41e+43,9.65e+40
6264.1,1.4e+43,1.03e+41
6268.3,1.38e+43,7.78e+40
6272.5,1.42e+43,8.37e+40
6276.7,1.42e+43,8.9e+40
6280.9,1.39e+43,8.4e+40
6285.1,1.4e+43,8.18e+40
6289.2,1.42e+43,7.98e+40
6293.4,1.41e+43,9.28e+40
6297.6,1.43e+43,7.66e+40
6301.8,1.41e+43,9.98e+40
6306.0,1.41e+43,7.7e+40
6310.2,1.43e+43,8.06e+40
6314.5,1.44e+43,7.83e+40
6318.7,1.44e+43,7.37e+40
6322.9,1.43e+43,7.78e+40
6327.1,1.42e+43,7.83e+40
6331.3,1.43e+43,8.19e+40
6335.5,1.42e+43,7.59e+40
6339.8,1.43e+43,7.27e+40
6344.0,1.41e+43,7.1e+40
6348.2,1.42e+43,7.64e+40
6352.5,1.43e+43,7.05e+40
6356.7,1.43e+43,6.96e+40
6360.9,1.46e+43,8.01e+40
6365.2,1.43e+43,7.1e+40
6369.4,1.45e+43,6.85e+40
6373.7,1.46e+43,6.88e+40
6377.9,1.47e+43,6.96e+40
6382.2,1.46e+43,6.9e+40
6386.4,1.48e+43,7.22e+40
6390.7,1.48e+43,6.92e+40
6394.9,1.47e+43,7.08e+40
6399.2,1.51e+43,7.37e+40
6403.5,1.52e+43,6.82e+40
6407.8,1.51e+43,6.89e+40
6412.0,1.51e+43,7.02e+40
6416.3,1.49e+43,6.67e+40
6420.6,1.51e+43,6.65e+40
6424.9,1.56e+43,6.88e+40
6429.1,1.59e+43,7.28e+40
6433.4,1.59e+43,7.02e+40
6437.7,1.62e+43,7.27e+40
6442.0,1.63e+43,7.01e+40
6446.3,1.67e+43,6.82e+40
6450.6,1.7e+43,7.06e+40
6454.9,1.69e+43,7.34e+40
6459.2,1.75e+43,6.98e+40
6463.5,1.8e+43,7.03e+40
6467.8,1.84e+43,7.29e+40
6472.2,1.89e+43,7.25e+40
6476.5,1.97e+43,7.25e+40
6480.8,2.03e+43,7.44e+40
6485.1,2.1e+43,7.62e+40
6489.4,2.16e+43,7.64e+40
6493.8,2.23e+43,7.5e+40
6498.1,2.34e+43,7.56e+40
6502.4,2.45e+43,7.79e+40
6506.8,2.58e+43,7.93e+40
6511.1,2.74e+43,8.06e+40
6515.4,2.86e+43,8.33e+40
6519.8,3.03e+43,8.43e+40
6524.1,3.25e+43,8.68e+40
6528.5,3.48e+43,8.95e+40
6532.8,3.74e+43,9.22e+40
6537.2,4.05e+43,9.81e+40
6541.6,4.36e+43,9.93e+40
6545.9,4.72e+43,1.09e+41
6550.3,5.05e+43,1.06e+41
6554.7,5.38e+43,1.15e+41
6559.0,5.59e+43,1.13e+41
6563.4,5.57e+43,1.13e+41
6567.8,5.38e+43,1.17e+41
6572.2,5.2e+43,1.14e+41
6576.5,5.02e+43,1.07e+41
6580.9,4.75e+43,1.05e+41
6585.3,4.46e+43,1.01e+41
6589.7,4.12e+43,9.63e+40
6594.1,3.82e+43,9.32e+40
6598.5,3.51e+43,8.93e+40
6602.9,3.24e+43,8.68e+40
6607.3,3.05e+43,8.44e+40
6611.7,2.86e+43,8.17e+40
6616.1,2.69e+43,8.39e+40
6620.5,2.53e+43,9.42e+40
6624.9,2.44e+43,8.39e+40
6629.4,2.32e+43,7.99e+40
6633.8,2.23e+43,7.59e+40
6638.2,2.12e+43,7.56e+40
6642.6,2.08e+43,7.25e+40
6647.1,2.02e+43,7.16e+40
6651.5,1.93e+43,7.21e+40
6655.9,1.87e+43,7.03e+40
6660.4,1.82e+43,7.46e+40
6664.8,1.77e+43,6.81e+40
6669.3,1.74e+43,6.82e+40
6673.7,1.7e+43,6.71e+40
6678.2,1.66e+43,8.43e+40
6682.6,1.64e+43,6.65e+40
6687.1,1.59e+43,6.54e+40
6691.5,1.55e+43,7.02e+40
6696.0,1.53e+43,6.61e+40
6700.5,1.5e+43,6.41e+40
6704.9,1.48e+43,6.39e+40
6709.4,1.45e+43,8.13e+40
6713.9,1.42e+43,6.31e+40
6718.3,1.43e+43,6.27e+40
6722.8,1.4e+43,6.29e+40
6727.3,1.39e+43,6.34e+40
6731.8,1.36e+43,6.73e+40
6736.3,1.34e+43,6.12e+40
6740.8,1.33e+43,6.24e+40
6745.3,1.33e+43,7.56e+40
6749.8,1.31e+43,6.12e+40
6754.3,1.29e+43,6.04e+40
6758.8,1.3e+43,6.04e+40
6763.3,1.29e+43,6.17e+40
6767.8,1.26e+43,6.38e+40
6772.3,1.25e+43,6.66e+40
6776.8,1.24e+43,6.18e+40
6781.3,1.25e+43,6.63e+40
6785.9,1.23e+43,6.67e+40
6790.4,1.21e+43,6.06e+40
6794.9,1.2e+43,5.97e+40
6799.5,1.2e+43,6.01e+40
6804.0,1.2e+43,5.96e+40
6808.5,1.2e+43,5.92e+40
6813.1,1.17e+43,5.95e+40
6817.6,1.17e+43,6.07e+40
6822.2,1.18e+43,5.83e+40
6826.7,1.17e+43,6.3e+40
6831.3,1.16e+43,5.88e+40
6835.8,1.15e+43,5.66e+40
6840.4,1.14e+43,5.78e+40
6844.9,1.15e+43,5.85e+40
6849.5,1.12e+43,5.79e+40
6854.1,1.12e+43,5.61e+40
6858.6,1.11e+43,5.67e+40
6863.2,1.12e+43,5.7e+40
6867.8,1.13e+43,5.71e+40
6872.4,1.11e+43,5.8e+40
6876.9,1.11e+43,6.09e+40
6881.5,1.1e+43,5.81e+40
6886.1,1.1e+43,6.12e+40
6890.7,1.12e+43,6.07e+40
6895.3,1.1e+43,6.07e+40
6899.9,1.08e+43,5.86e+40
6904.5,1.07e+43,6e+40
6909.1,1.09e+43,5.8e+40
6913.7,1.07e+43,6.27e+40
6918.3,1.06e+43,6.09e+40
6922.9,1.08e+43,6.33e+40
6927.6,1.06e+43,9.99e+40
6932.2,1.07e+43,7.67e+40
6936.8,1.08e+43,6.36e+40
6941.4,1.06e+43,6.01e+40
6946.1,1.07e+43,6.07e+40
6950.7,1.04e+43,6.03e+40
6955.3,1.05e+43,5.77e+40
6960.0,1.06e+43,6.53e+40
6964.6,1.06e+43,6.4e+40
6969.3,1.05e+43,7.25e+40
6973.9,1.03e+43,5.98e+40
6978.6,1.06e+43,7.06e+40
6983.2,1.07e+43,5.67e+40
6987.9,1.07e+43,5.74e+40
6992.5,1.07e+43,7.36e+40
6997.2,1.06e+43,5.17e+40
7001.9,1.06e+43,5.48e+40
7006.5,1.06e+43,5.54e+40
7011.2,1.06e+43,5.25e+40
7015.9,1.06e+43,5.31e+40
7020.6,1.05e+43,5.04e+40
7025.2,1.05e+43,5.16e+40
7029.9,1.05e+43,5.07e+40
7034.6,1.06e+43,5.26e+40
7039.3,1.06e+43,5.15e+40
7044.0,1.04e+43,5.65e+40
7048.7,1.04e+43,6.39e+40
7053.4,1.03e+43,5.68e+40
7058.1,1.05e+43,5.36e+40
7062.8,1.05e+43,5e+40
7067.5,1.04e+43,5.45e+40
7072.2,1.04e+43,4.92e+40
7076.9,1.02e+43,4.86e+40
7081.7,1.01e+43,4.97e+40
7086.4,1.02e+43,4.88e+40
7091.1,1.02e+43,5.61e+40
7095.8,1.03e+43,4.88e+40
7100.6,1.01e+43,4.94e+40
7105.3,9.96e+42,4.92e+40
7110.0,1.01e+43,6.58e+40
7114.8,1.01e+43,4.87e+40
7119.5,1.01e+43,4.88e+40
7124.3,1.01e+43,5.05e+40
7129.0,1e+43,5.5e+40
7133.8,9.99e+42,4.84e+40
7138.5,9.82e+42,4.72e+40
7143.3,9.96e+42,6.05e+40
7148.1,1.02e+43,5.33e+40
7152.8,9.94e+42,4.92e+40
7157.6,9.8e+42,4.8e+40
7162.4,9.88e+42,4.66e+40
7167.2,9.74e+42,5.59e+40
7171.9,9.83e+42,5.13e+40
7176.7,9.81e+42,4.91e+40
7181.5,1.01e+43,5.35e+40
7186.3,9.66e+42,5.52e+40
7191.1,9.78e+42,4.86e+40
7195.9,9.8e+42,4.73e+40
7200.7,9.81e+42,4.9e+40
7205.5,9.97e+42,4.93e+40
7210.3,9.81e+42,5.09e+40
7215.1,9.75e+42,5.47e+40
7219.9,9.95e+42,4.93e+40
7224.7,9.72e+42,5.43e+40
7229.5,9.64e+42,5.86e+40
7234.4,9.85e+42,4.94e+40
7239.2,9.85e+42,5.01e+40
7244.0,9.86e+42,5.21e+40
7248.8,9.61e+42,5.31e+40
7253.7,9.68e+42,5.7e+40
7258.5,9.59e+42,5.71e+40
7263.4,9.61e+42,6.04e+40
7268.2,9.73e+42,6.4e+40
7273.0,9.71e+42,6.92e+40
7277.9,9.68e+42,7.19e+40
7282.7,9.76e+42,7.55e+40
7287.6,9.6e+42,7.69e+40
7292.5,9.65e+42,8.32e+40
7297.3,9.49e+42,9.08e+40
7302.2,9.63e+42,1.01e+41
7307.1,9.79e+42,1.09e+41
7311.9,9.71e+42,1.2e+41
7316.8,1.01e+43,1.38e+41
7321.7,9.65e+42,1.5e+41
7326.6,9.48e+42,1.69e+41
7331.5,9.68e+42,1.88e+41
7336.4,9.8e+42,2.12e+41
7341.2,9.32e+42,2.49e+41
7346.1,9.69e+42,2.69e+41
7351.0,9.54e+42,3.06e+41
7355.9,9.75e+42,3.45e+41
7360.8,9.44e+42,4.29e+41
7365.8,8.91e+42,4.47e+41
7370.7,9.73e+42,4.94e+41
7375.6,8.83e+42,5.82e+41
7380.5,9.14e+42,6.44e+41
7385.4,9.75e+42,7.09e+41
7390.4,9.03e+42,8.1e+41
7395.3,1.02e+43,1.02e+42
7400.2,8.65e+42,1.13e+42
7405.1,8.36e+42,1.14e+42
7410.1,1e+43,1.23e+42
7415.0,8.75e+42,1.37e+42
7420.0,9.49e+42,1.5e+42
7424.9,8.89e+42,1.89e+42
7429.9,9.39e+42,2.07e+42
7434.8,9.7e+42,3.42e+42
7439.8,8.3e+42,3.94e+42
7444.7,9.14e+42,2.11e+42
7449.7,1.1e+43,3.1e+42
7454.7,8.24e+42,3.31e+42
7459.6,8.98e+42,2.56e+42
7464.6,1.17e+43,2.89e+42
7469.6,1.11e+43,4.72e+42
7474.6,8.11e+42,3.53e+42
7479.6,1.03e+43,3.34e+42
7484.6,1.17e+43,3.91e+42
7489.5,9.05e+42,3.73e+42
7494.5,9.22e+42,3.82e+42
7499.5,8.6e+42,3.76e+42
7504.5,8.9e+42,3.87e+42
7509.5,9.21e+42,3.97e+42
7514.6,9.13e+42,4.08e+42
7519.6,9.04e+42,4.26e+42
7524.6,9.93e+42,4.2e+42
7529.6,9.91e+42,4.58e+42
7534.6,1.01e+43,4.3e+42
7539.6,8.08e+42,8.4e+42
7544.7,9.39e+42,4.37e+42
7549.7,8.54e+42,1.09e+43
7554.7,8.07e+42,4.65e+42
7559.8,9.93e+42,4.44e+42
7564.8,8.62e+42,4.62e+42
7569.9,8.3e+42,4.21e+42
7574.9,1.01e+43,4.01e+42
7580.0,1.11e+43,5.79e+42
7585.0,8.46e+42,3.84e+42
7590.1,8.9e+42,3.75e+42
7595.1,8.55e+42,3.62e+42
7600.2,1.04e+43,3.88e+42
7605.3,7.66e+42,4.05e+42
7610.3,8.41e+42,3.19e+42
7615.4,1.05e+43,3.47e+42
7620.5,6.88e+42,3.77e+42
7625.6,8.9e+42,3.37e+42
7630.7,8.11e+42,2.55e+42
7635.8,8.4e+42,2.39e+42
7640.8,9.11e+42,2.35e+42
7645.9,9.97e+42,2.95e+42
7651.0,7.45e+42,2.57e+42
7656.1,7.85e+42,1.84e+42
7661.2,8.82e+42,1.65e+42
7666.4,9.64e+42,1.6e+42
7671.5,9.07e+42,1.91e+42
7676.6,8.18e+42,1.26e+42
7681.7,1.14e+43,1.53e+42
7686.8,7.77e+42,1.12e+42
7692.0,9.42e+42,1.02e+42
7697.1,7.28e+42,1.13e+42
7702.2,8.47e+42,7.85e+41
7707.4,8.58e+42,6.86e+41
7712.5,8.54e+42,6.21e+41
7717.6,9.05e+42,5.75e+41
7722.8,9.86e+42,6.3e+41
7727.9,8.3e+42,5.12e+41
7733.1,8.61e+42,4.11e+41
7738.2,8.69e+42,3.65e+41
7743.4,8.6e+42,3.3e+41
7748.6,9.25e+42,4.69e+41
7753.7,8.37e+42,2.77e+41
7758.9,8.38e+42,2.26e+41
7764.1,8.41e+42,1.87e+41
7769.3,8.89e+42,1.85e+41
7774.4,8.25e+42,1.87e+41
7779.6,8.6e+42,1.31e+41
7784.8,8.6e+42,1.36e+41
7790.0,8.58e+42,1.08e+41
7795.2,8.52e+42,1.13e+41
7800.4,8.36e+42,1.14e+41
7805.6,8.49e+42,9.05e+40
7810.8,8.62e+42,7.06e+40
7816.0,8.61e+42,1.1e+41
7821.2,8.29e+42,1.12e+41
7826.4,8.39e+42,6.51e+40
7831.7,8.38e+42,8.61e+40
7836.9,8.38e+42,6.81e+40
7842.1,8.35e+42,7.37e+40
7847.3,8.72e+42,7.37e+40
7852.6,8.35e+42,7.06e+40
7857.8,8.7e+42,5.77e+40
7863.1,8.32e+42,5.97e+40
7868.3,8.46e+42,5.59e+40
7873.5,8.39e+42,5.46e+40
7878.8,8.59e+42,5.99e+40
7884.1,8.59e+42,4.66e+40
7889.3,8.53e+42,5.04e+40
7894.6,8.43e+42,8.85e+40
7899.8,8.46e+42,5.41e+40
7905.1,8.39e+42,4.42e+40
7910.4,8.36e+42,4.36e+40
7915.6,8.5e+42,4.75e+40
7920.9,8.23e+42,9.44e+40
7926.2,8.28e+42,7.15e+40
7931.5,8.27e+42,5.52e+40
7936.8,8.29e+42,4.09e+40
7942.1,8.16e+42,4.05e+40
7947.4,8.24e+42,4.78e+40
7952.7,8.22e+42,5.38e+40
7958.0,8.21e+42,4.37e+40
7963.3,8.15e+42,3.84e+40
7968.6,8.21e+42,3.82e+40
7973.9,8.3e+42,6.57e+40
7979.2,8.11e+42,4.81e+40
7984.6,8.12e+42,3.93e+40
7989.9,7.96e+42,4.9e+40
7995.2,7.94e+42,3.71e+40
8000.5,8.11e+42,4.9e+40
8005.9,8e+42,5.42e+40
8011.2,7.83e+42,4.99e+40
8016.6,7.89e+42,4.14e+40
8021.9,8.17e+42,4.37e+40
8027.2,8.15e+42,7.02e+40
8032.6,7.77e+42,5.79e+40
8038.0,8.15e+42,5.03e+40
8043.3,7.8e+42,4.42e+40
8048.7,7.82e+42,4.66e+40
8054.1,7.99e+42,3.75e+40
8059.4,7.83e+42,4.58e+40
8064.8,7.93e+42,4.78e+40
8070.2,7.96e+42,5.62e+40
8075.6,7.95e+42,4.43e+40
8080.9,7.94e+42,6.14e+40
8086.3,7.94e+42,4.5e+40
8091.7,7.9e+42,4.48e+40
8097.1,7.92e+42,4.5e+40
8102.5,7.92e+42,4.5e+40
8107.9,7.88e+42,4.63e+40
8113.3,7.89e+42,4.87e+40
8118.7,7.89e+42,5.62e+40
8124.2,7.83e+42,4.67e+40
8129.6,7.92e+42,7.04e+40
8135.0,7.82e+42,4.35e+40
8140.4,7.93e+42,4.56e+40
8145.8,7.83e+42,4.34e+40
8151.3,7.85e+42,4.82e+40
8156.7,7.8e+42,4.37e+40
8162.2,7.87e+42,4.06e+40
8167.6,7.85e+42,4.1e+40
8173.0,7.92e+42,4.06e+40
8178.5,7.95e+42,4.03e+40
8184.0,7.89e+42,3.97e+40
8189.4,7.84e+42,3.94e+40
8194.9,7.85e+42,3.96e+40
8200.3,7.91e+42,3.93e+40
8205.8,7.95e+42,4.1e+40
8211.3,8.05e+42,4.16e+40
8216.8,7.84e+42,4.83e+40
8222.2,7.82e+42,6.94e+40
8227.7,8.09e+42,6.35e+40
8233.2,8.02e+42,4.12e+40
8238.7,7.94e+42,5.09e+40
8244.2,7.99e+42,3.85e+40
8249.7,7.89e+42,3.95e+40
8255.2,7.97e+42,3.89e+40
8260.7,7.93e+42,3.76e+40
8266.2,7.99e+42,3.78e+40
8271.7,7.93e+42,3.74e+40
8277.2,7.89e+42,3.65e+40
8282.8,7.92e+42,3.68e+40
8288.3,7.87e+42,3.78e+40
8293.8,7.86e+42,5.06e+40
8299.3,7.85e+42,3.57e+40
8304.9,7.8e+42,3.54e+40
8310.4,7.8e+42,3.55e+40
8315.9,7.84e+42,3.58e+40
8321.5,7.7e+42,6.72e+40
8327.0,7.79e+42,3.76e+40
8332.6,7.85e+42,3.55e+40
8338.2,7.81e+42,3.59e+40
8343.7,7.84e+42,3.82e+40
8349.3,7.87e+42,4.75e+40
8354.8,7.83e+42,3.48e+40
8360.4,7.77e+42,3.74e+40
8366.0,7.89e+42,3.57e+40
8371.6,7.97e+42,6.85e+40
8377.2,7.92e+42,3.66e+40
8382.7,7.87e+42,3.61e+40
8388.3,8e+42,3.46e+40
8393.9,8.1e+42,3.64e+40
8399.5,8.1e+42,3.58e+40
8405.1,8.14e+42,4.75e+40
8410.7,8.27e+42,3.69e+40
8416.3,8.45e+42,3.54e+40
8422.0,8.65e+42,3.7e+40
8427.6,8.74e+42,5.46e+40
8433.2,8.81e+42,3.46e+40
8438.8,8.99e+42,3.44e+40
8444.4,9.1e+42,3.63e+40
8450.1,9.16e+42,3.54e+40
8455.7,9.08e+42,3.54e+40
8461.3,9.09e+42,3.67e+40
8467.0,8.98e+42,4.3e+40
8472.6,8.96e+42,3.87e+40
8478.3,8.91e+42,3.33e+40
8483.9,8.78e+42,4.35e+40
8489.6,8.55e+42,4.44e+40
8495.3,8.63e+42,3.29e+40
8500.9,8.56e+42,3.8e+40
8506.6,8.52e+42,3.31e+40
8512.3,8.5e+42,3.37e+40
8517.9,8.46e+42,4.64e+40
8523.6,8.41e+42,3.22e+40
8529.3,8.33e+42,3.19e+40
8535.0,8.35e+42,4.29e+40
8540.7,8.19e+42,3.17e+40
8546.4,8.14e+42,4.4e+40
8552.1,7.96e+42,3.54e+40
8557.8,7.97e+42,3.06e+40
8563.5,7.9e+42,3.16e+40
8569.2,7.81e+42,3.11e+40
8574.9,7.64e+42,4.09e+40
8580.6,7.64e+42,3.11e+40
8586.4,7.72e+42,3.22e+40
8592.1,7.67e+42,3.2e+40
8597.8,7.69e+42,3.09e+40
8603.6,7.61e+42,3.15e+40
8609.3,7.5e+42,3.16e+40
8615.0,7.53e+42,3.28e+40
8620.8,7.44e+42,3.15e+40
8626.5,7.47e+42,3.15e+40
8632.3,7.51e+42,3.45e+40
8638.0,7.51e+42,3.06e+40
8643.8,7.63e+42,5.61e+40
8649.6,7.59e+42,4.4e+40
8655.3,7.72e+42,4.29e+40
8661.1,7.73e+42,3.32e+40
8666.9,7.68e+42,3.74e+40
8672.7,7.65e+42,3.01e+40
8678.4,7.56e+42,3.28e+40
8684.2,7.51e+42,3.01e+40
8690.0,7.44e+42,2.99e+40
8695.8,7.36e+42,2.88e+40
8701.6,7.2e+42,2.85e+40
8707.4,7.2e+42,2.78e+40
8713.2,7.12e+42,2.74e+40
8719.0,7e+42,3.36e+40
8724.8,7.03e+42,3.12e+40
8730.7,7.03e+42,2.75e+40
8736.5,7.07e+42,2.79e+40
8742.3,7.04e+42,2.85e+40
8748.1,7e+42,2.99e+40
8754.0,6.93e+42,5.58e+40
8759.8,6.94e+42,2.95e+40
8765.7,6.95e+42,2.83e+40
8771.5,6.94e+42,2.87e+40
8777.4,6.85e+42,3.56e+40
8783.2,6.9e+42,3.35e+40
8789.1,6.87e+42,2.87e+40
8794.9,6.77e+42,2.79e+40
8800.8,6.62e+42,2.89e+40
8806.7,6.61e+42,5.66e+40
8812.5,6.71e+42,2.82e+40
8818.4,6.8e+42,2.74e+40
8824.3,6.8e+42,2.88e+40
8830.2,6.81e+42,2.73e+40
8836.1,6.81e+42,2.71e+40
8842.0,6.72e+42,3.9e+40
8847.9,6.75e+42,2.81e+40
8853.8,6.77e+42,2.79e+40
8859.7,6.72e+42,3.08e+40
8865.6,6.55e+42,4.86e+40
8871.5,6.61e+42,2.86e+40
8877.4,6.57e+42,2.71e+40
8883.3,6.52e+42,2.75e+40
8889.2,6.51e+42,2.67e+40
8895.2,6.48e+42,2.57e+40
8901.1,6.51e+42,2.85e+40
8907.0,6.52e+42,3.21e+40
8913.0,6.52e+42,2.85e+40
8918.9,6.53e+42,2.69e+40
8924.9,6.56e+42,3.65e+40
8930.8,6.68e+42,3.75e+40
8936.8,6.64e+42,2.88e+40
8942.7,6.67e+42,2.7e+40
8948.7,6.69e+42,3.61e+40
8954.7,6.65e+42,2.69e+40
8960.6,6.67e+42,3e+40
8966.6,6.58e+42,2.73e+40
8972.6,6.6e+42,2.69e+40
8978.6,6.61e+42,4.53e+40
8984.6,6.57e+42,2.81e+40
8990.6,6.56e+42,2.55e+40
8996.6,6.61e+42,3.86e+40
9002.6,6.52e+42,2.62e+40
9008.6,6.55e+42,3.38e+40
9014.6,6.5e+42,2.86e+40
9020.6,6.53e+42,2.47e+40
9026.6,6.54e+42,2.64e+40
9032.6,6.51e+42,2.56e+40
9038.6,6.58e+42,3.3e+40
9044.7,6.54e+42,2.49e+40
9050.7,6.57e+42,2.44e+40
9056.7,6.59e+42,2.61e+40
9062.8,6.6e+42,2.45e+40
9068.8,6.66e+42,2.72e+40
9074.9,6.56e+42,2.47e+40
9080.9,6.54e+42,2.44e+40
9087.0,6.51e+42,2.44e+40
9093.0,6.5e+42,2.59e+40
9099.1,6.39e+42,2.61e+40
9105.2,6.43e+42,2.5e+40
9111.2,6.44e+42,3.52e+40
9117.3,6.42e+42,3.8e+40
9123.4,6.56e+42,4.31e+40
9129.5,6.47e+42,2.71e+40
9135.6,6.46e+42,3.31e+40
9141.7,6.47e+42,2.49e+40
9147.8,6.57e+42,2.64e+40
9153.9,6.63e+42,2.71e+40
9160.0,6.68e+42,2.47e+40
9166.1,6.84e+42,2.48e+40
9172.2,6.94e+42,2.54e+40
9178.3,6.99e+42,2.55e+40
9184.4,6.93e+42,2.48e+40
9190.5,7.08e+42,2.59e+40
9196.7,7.1e+42,3.4e+40
9202.8,7.16e+42,2.52e+40
9208.9,7.2e+42,2.53e+40
9215.1,7.22e+42,2.6e+40
9221.2,7.15e+42,2.61e+40
9227.4,7.13e+42,3.53e+40
9233.5,6.98e+42,3.19e+40
9239.7,6.99e+42,2.51e+40
9245.9,6.85e+42,2.46e+40
9252.0,6.76e+42,2.48e+40
9258.2,6.71e+42,3.64e+40
9264.4,6.58e+42,2.45e+40
9270.5,6.56e+42,2.42e+40
9276.7,6.47e+42,2.42e+40
9282.9,6.4e+42,2.72e+40
9289.1,6.26e+42,3.67e+40
9295.3,6.18e+42,2.38e+40
9301.5,6.14e+42,2.35e+40
9307.7,6.15e+42,2.36e+40
9313.9,6.05e+42,2.54e+40
9320.1,5.97e+42,2.48e+40
9326.3,6.05e+42,3.31e+40
9332.6,5.97e+42,2.36e+40
9338.8,5.98e+42,2.5e+40
9345.0,5.96e+42,2.6e+40
9351.2,5.9e+42,3.74e+40
9357.5,5.91e+42,2.36e+40
9363.7,5.95e+42,2.36e+40
9370.0,5.93e+42,2.35e+40
9376.2,5.97e+42,2.56e+40
9382.5,5.96e+42,2.49e+40
9388.7,5.99e+42,2.54e+40
9395.0,6e+42,2.96e+40
9401.2,6.02e+42,2.76e+40
9407.5,5.94e+42,2.47e+40
9413.8,5.93e+42,2.82e+40
9420.1,5.93e+42,3.39e+40
9426.3,5.96e+42,2.42e+40
9432.6,5.9e+42,2.56e+40
9438.9,5.92e+42,2.75e+40
9445.2,5.97e+42,2.47e+40
9451.5,5.94e+42,2.48e+40
9457.8,5.96e+42,2.63e+40
9464.1,5.9e+42,3.15e+40
9470.4,5.91e+42,2.57e+40
9476.8,5.91e+42,3.19e+40
9483.1,5.82e+42,2.46e+40
9489.4,5.84e+42,2.8e+40
9495.7,6e+42,3.11e+40
9502.1,6.09e+42,2.47e+40
9508.4,6.13e+42,2.6e+40
9514.7,6.19e+42,3.09e+40
9521.1,6.26e+42,2.5e+40
9527.4,6.28e+42,3.8e+40
9533.8,6.37e+42,2.5e+40
9540.1,6.26e+42,2.66e+40
9546.5,6.25e+42,2.49e+40
9552.9,6.15e+42,2.55e+40
9559.2,6.07e+42,3.2e+40
9565.6,6.12e+42,2.56e+40
9572.0,6.03e+42,2.8e+40
9578.4,6e+42,2.6e+40
9584.8,5.91e+42,2.65e+40
9591.2,5.84e+42,2.63e+40
9597.6,5.8e+42,2.66e+40
9604.0,5.77e+42,2.62e+40
9610.4,5.69e+42,2.67e+40
9616.8,5.58e+42,2.87e+40
9623.2,5.55e+42,2.99e+40
9629.6,5.56e+42,2.91e+40
9636.0,5.63e+42,4.1e+40
9642.4,5.56e+42,4.89e+40
9648.9,5.57e+42,4.6e+40
9655.3,5.49e+42,3.49e+40
9661.8,5.43e+42,4e+40
9668.2,5.44e+42,3.71e+40
9674.6,5.49e+42,3.66e+40
9681.1,5.46e+42,4.06e+40
9687.6,5.41e+42,4.26e+40
9694.0,5.37e+42,4.34e+40
9700.5,5.41e+42,4.72e+40
9706.9,5.35e+42,5.01e+40
9713.4,5.33e+42,5.5e+40
9719.9,5.43e+42,5.49e+40
9726.4,5.38e+42,7.13e+40
9732.9,5.31e+42,6.45e+40
9739.4,5.35e+42,6.96e+40
9745.9,5.36e+42,8.18e+40
9752.4,5.25e+42,8.25e+40
9758.9,5.35e+42,9.53e+40
9765.4,5.35e+42,1.09e+41
9771.9,5.34e+42,9.98e+40
9778.4,5.25e+42,1.12e+41
9784.9,5.29e+42,1.2e+41
9791.4,5.27e+42,1.32e+41
9798.0,5.28e+42,1.41e+41
9804.5,5.24e+42,1.54e+41
9811.0,5.24e+42,1.68e+41
9817.6,5.35e+42,1.8e+41
9824.1,5.31e+42,2.31e+41
9830.7,5.4e+42,2.33e+41
9837.2,5.25e+42,2.48e+41
9843.8,5.26e+42,2.6e+41
9850.4,5.2e+42,2.74e+41
9856.9,5.4e+42,2.96e+41
9863.5,5.53e+42,3.77e+41
9870.1,5.31e+42,3.5e+41
9876.7,5.33e+42,3.69e+41
9883.3,5.49e+42,4.04e+41
9889.8,5.44e+42,4.83e+41
9896.4,5.45e+42,5.25e+41
9903.0,5.45e+42,4.98e+41
9909.6,5.59e+42,5.48e+41
9916.3,5.58e+42,6.12e+41
9922.9,5.54e+42,6.14e+41
9929.5,5.51e+42,6.78e+41
9936.1,5.85e+42,7.67e+41
9942.7,5.97e+42,1.02e+42
9949.4,5.3e+42,9.25e+41
9956.0,5.78e+42,8.4e+41
9962.6,5.88e+42,8.93e+41
9969.3,5.97e+42,1.11e+42
9975.9,6.05e+42,1.09e+42
9982.6,5.69e+42,1.16e+42
9989.2,6.36e+42,1.21e+42
9995.9,5.93e+42,1.36e+42
10002.6,6.3e+42,1.31e+42
10009.2,6.24e+42,1.38e+42
10015.9,6.5e+42,1.5e+42
10022.6,7.09e+42,2.2e+42
10029.3,5.8e+42,2.11e+42
10036.0,6.86e+42,2.95e+42
10042.7,6.55e+42,1.9e+42
10049.4,6.77e+42,2.38e+42
10056.1,6.93e+42,4.25e+42
10062.8,6.16e+42,2.14e+42
10069.5,6.15e+42,1.92e+42
10076.2,6.04e+42,1.94e+42
10082.9,6.73e+42,3.64e+42
10089.6,7.66e+42,2.29e+43
10096.4,6.49e+42,2.74e+42
10103.1,6.28e+42,2.42e+42
10109.8,5.5e+42,2.27e+42
10116.6,5.92e+42,5.12e+42
10123.3,nan,0
10130.1,nan,0
10136.8,nan,0
10143.6,nan,0
10150.4,nan,0
10157.1,nan,0
10163.9,nan,0
10170.7,nan,0
10177.5,nan,0
10184.2,nan,0
10191.0,nan,0
10197.8,nan,0
10204.6,nan,0
10211.4,nan,0
10218.2,nan,0
10225.1,nan,0
10231.9,nan,0
10238.7,nan,0
10245.5,nan,0
10252.4,nan,0
10259.2,nan,0
10266.0,nan,0
10272.9,nan,0
10279.7,5.07e+42,4.02e+42
10286.6,5.67e+42,2.99e+42
10293.5,5.13e+42,2.76e+42
10300.3,4.99e+42,2.68e+42
10307.2,5.04e+42,2.6e+42
10314.1,4.99e+42,2.52e+42
10320.9,4.83e+42,2.79e+42
10327.8,5.06e+42,2.43e+42
10334.7,4.81e+42,2.42e+42
10341.6,5.18e+42,2.31e+42
10348.5,4.97e+42,2.16e+42
10355.4,4.95e+42,2.08e+42
10362.3,5.32e+42,2.1e+42
10369.2,6.15e+42,2.55e+42
10376.1,5.88e+42,3.52e+42
10383.1,5.22e+42,1.84e+42
10390.0,5.36e+42,2.07e+42
10396.9,5.18e+42,1.68e+42
10403.8,5.35e+42,2.95e+42
10410.8,4.37e+42,2.17e+42
10417.7,4.96e+42,1.41e+42
10424.7,4.97e+42,1.34e+42
10431.6,5.01e+42,1.29e+42
10438.6,4.94e+42,1.38e+42
10445.5,5e+42,1.31e+42
10452.5,4.86e+42,1.49e+42
10459.5,5.34e+42,1.03e+42
10466.5,5.76e+42,1.08e+42
10473.4,5.21e+42,8.61e+41
10480.4,5.55e+42,9.72e+41
10487.4,6.44e+42,1.83e+42
10494.4,5.16e+42,7.3e+41
10501.4,5.41e+42,6.67e+41
10508.4,5.33e+42,7.76e+41
10515.4,5.13e+42,5.73e+41
10522.4,5.52e+42,6.06e+41
10529.4,5.02e+42,5.41e+41
10536.5,5.26e+42,4.63e+41
10543.5,5.12e+42,4.71e+41
10550.5,5.09e+42,3.95e+41
10557.6,5.07e+42,3.65e+41
10564.6,5.05e+42,3.4e+41
10571.6,4.98e+42,3.11e+41
10578.7,5.13e+42,2.83e+41
10585.7,5.12e+42,2.75e+41
10592.8,5.26e+42,2.6e+41
10599.9,4.93e+42,2.26e+41
10606.9,5.12e+42,1.88e+41
10614.0,4.98e+42,1.81e+41
10621.1,4.97e+42,1.74e+41
10628.2,5.06e+42,1.48e+41
10635.3,5.07e+42,1.42e+41
10642.4,5.05e+42,1.28e+41
10649.5,5.21e+42,1.15e+41
10656.6,5.29e+42,1.1e+41
10663.7,5.17e+42,1.1e+41
10670.8,5.27e+42,1.02e+41
10677.9,5.37e+42,1.06e+41
10685.0,5.3e+42,9.44e+40
10692.1,5.34e+42,8.45e+40
10699.3,5.36e+42,7.76e+40
10706.4,5.43e+42,6.04e+40
10713.5,5.51e+42,6.04e+40
10720.7,5.44e+42,6.44e+40
10727.8,5.51e+42,6e+40
10735.0,5.69e+42,4.74e+40
10742.1,5.76e+42,4.66e+40
10749.3,5.85e+42,4.19e+40
10756.5,5.95e+42,4.71e+40
10763.7,6.08e+42,3.93e+40
10770.8,6.23e+42,3.44e+40
10778.0,6.33e+42,3.66e+40
10785.2,6.42e+42,3.6e+40
10792.4,6.56e+42,3.37e+40
10799.6,6.71e+42,3.29e+40
10806.8,6.82e+42,2.81e+40
10814.0,6.84e+42,3.09e+40
10821.2,6.93e+42,2.54e+40
10828.4,6.88e+42,2.63e+40
10835.7,6.77e+42,2.75e+40
10842.9,6.59e+42,2.39e+40
10850.1,6.45e+42,2.64e+40
10857.3,6.4e+42,2.33e+40
10864.6,6.37e+42,2.66e+40
10871.8,6.32e+42,2.44e+40
10879.1,6.33e+42,2.42e+40
10886.3,6.32e+42,2.33e+40
10893.6,6.34e+42,2.39e+40
10900.9,6.38e+42,2.58e+40
10908.1,6.43e+42,2.94e+40
10915.4,6.52e+42,3.48e+40
10922.7,6.59e+42,5.92e+40
10930.0,6.59e+42,6.29e+40
10937.3,6.4e+42,8.45e+40
10944.6,6.35e+42,6.56e+40
10951.9,6.49e+42,6.54e+40
10959.2,6.3e+42,5.11e+40
10966.5,6.25e+42,3.58e+40
10973.8,6.15e+42,3.73e+40
10981.1,6.01e+42,4.59e+40
10988.4,5.91e+42,4.83e+40
10995.7,5.84e+42,4.53e+40
11003.1,5.67e+42,4.18e+40
11010.4,5.58e+42,4.18e+40
11017.8,5.44e+42,3.93e+40
11025.1,5.4e+42,4.06e+40
11032.5,5.31e+42,3.12e+40
11039.8,5.29e+42,2.88e+40
11047.2,5.21e+42,2.56e+40
11054.5,5.21e+42,2.43e+40
11061.9,5.14e+42,2.25e+40
11069.3,5.19e+42,3.11e+40
11076.7,5.15e+42,2.46e+40
11084.1,5.1e+42,2.13e+40
11091.5,5.11e+42,2.1e+40
11098.9,5.13e+42,2.06e+40
11106.3,5.12e+42,2.84e+40
11113.7,5.1e+42,1.99e+40
11121.1,5.12e+42,1.93e+40
11128.5,5.13e+42,1.92e+40
11135.9,5.08e+42,1.94e+40
11143.3,5.03e+42,2.76e+40
11150.8,5.1e+42,2.27e+40
11158.2,5.04e+42,1.94e+40
11165.6,4.99e+42,1.91e+40
11173.1,5.01e+42,1.91e+40
11180.5,5.01e+42,2e+40
11188.0,5.03e+42,2.22e+40
11195.5,4.96e+42,2.75e+40
11202.9,5e+42,2.44e+40
11210.4,4.98e+42,2.56e+40
11217.9,4.97e+42,2.72e+40
11225.4,4.93e+42,3.42e+40
11232.8,5e+42,3.1e+40
11240.3,5.03e+42,2.41e+40
11247.8,5.1e+42,2.05e+40
11255.3,5.12e+42,2.15e+40
11262.8,5.2e+42,2.36e+40
11270.3,5.2e+42,2.44e+40
11277.9,5.22e+42,2.51e+40
11285.4,5.31e+42,2.47e+40
11292.9,5.21e+42,2.38e+40
11300.4,5.21e+42,2.35e+40
11308.0,5.16e+42,2.29e+40
11315.5,5.13e+42,2.71e+40
11323.1,5.07e+42,2.57e+40
11330.6,5.04e+42,2.11e+40
11338.2,4.97e+42,2.03e+40
11345.7,4.88e+42,1.98e+40
11353.3,4.85e+42,1.89e+40
11360.9,4.81e+42,1.96e+40
11368.4,4.81e+42,1.98e+40
11376.0,4.73e+42,1.96e+40
11383.6,4.67e+42,1.93e+40
11391.2,4.65e+42,2.25e+40
11398.8,4.64e+42,1.96e+40
11406.4,4.63e+42,1.89e+40
11414.0,4.59e+42,2.12e+40
11421.6,4.59e+42,2.08e+40
11429.2,4.58e+42,1.87e+40
11436.9,4.56e+42,1.87e+40
11444.5,4.53e+42,1.85e+40
11452.1,4.53e+42,1.85e+40
11459.8,4.5e+42,1.89e+40
11467.4,4.49e+42,1.88e+40
11475.0,4.47e+42,1.99e+40
11482.7,4.45e+42,2.01e+40
11490.4,4.48e+42,1.94e+40
11498.0,4.48e+42,2.08e+40
11505.7,4.47e+42,2.18e+40
11513.4,4.46e+42,1.97e+40
11521.0,4.42e+42,2.21e+40
11528.7,4.48e+42,2.38e+40
11536.4,4.47e+42,1.94e+40
11544.1,4.45e+42,1.91e+40
11551.8,4.45e+42,2.05e+40
11559.5,4.42e+42,2.1e+40
11567.2,4.45e+42,2.16e+40
11574.9,4.39e+42,1.93e+40
11582.7,4.44e+42,1.9e+40
11590.4,4.45e+42,1.98e+40
11598.1,4.48e+42,2.05e+40
11605.8,4.48e+42,2.19e+40
11613.6,4.38e+42,1.83e+40
11621.3,4.46e+42,1.9e+40
11629.1,4.42e+42,1.78e+40
11636.8,4.44e+42,1.85e+40
11644.6,4.42e+42,2.05e+40
11652.4,4.4e+42,1.76e+40
11660.1,4.41e+42,1.8e+40
11667.9,4.39e+42,1.8e+40
11675.7,4.4e+42,1.8e+40
11683.5,4.37e+42,1.76e+40
11691.3,4.42e+42,1.77e+40
11699.1,4.38e+42,1.79e+40
11706.9,4.38e+42,1.78e+40
11714.7,4.38e+42,1.78e+40
11722.5,4.37e+42,1.78e+40
11730.3,4.37e+42,1.79e+40
11738.1,4.39e+42,1.93e+40
11745.9,4.35e+42,2.74e+40
11753.8,4.37e+42,1.94e+40
11761.6,4.36e+42,2.37e+40
11769.5,4.4e+42,1.87e+40
11777.3,4.38e+42,1.83e+40
11785.2,4.35e+42,2.01e+40
11793.0,4.43e+42,1.84e+40
11800.9,4.42e+42,1.82e+40
11808.8,4.38e+42,1.83e+40
11816.6,4.41e+42,1.89e+40
11824.5,4.36e+42,1.81e+40
11832.4,4.36e+42,1.83e+40
11840.3,4.39e+42,1.86e+40
11848.2,4.41e+42,1.82e+40
11856.1,4.46e+42,2.12e+40
11864.0,4.43e+42,1.85e+40
11871.9,4.42e+42,1.85e+40
11879.8,4.43e+42,1.88e+40
11887.7,4.39e+42,1.85e+40
11895.7,4.39e+42,1.89e+40
11903.6,4.34e+42,2.55e+40
11911.5,4.34e+42,1.85e+40
11919.5,4.36e+42,1.88e+40
11927.4,4.33e+42,1.91e+40
11935.4,4.35e+42,1.86e+40
11943.4,4.33e+42,2.2e+40
11951.3,4.31e+42,1.87e+40
11959.3,4.33e+42,1.87e+40
11967.3,4.34e+42,1.84e+40
11975.2,4.34e+42,1.84e+40
11983.2,4.34e+42,2e+40
11991.2,4.31e+42,2.41e+40
11999.2,4.38e+42,1.92e+40
12007.2,4.34e+42,2.02e+40
12015.2,4.37e+42,2.12e+40
12023.2,4.34e+42,1.97e+40
12031.3,4.39e+42,1.98e+40
12039.3,4.37e+42,2.25e+40
12047.3,4.31e+42,2.02e+40
12055.3,4.3e+42,1.91e+40
12063.4,4.33e+42,1.9e+40
12071.4,4.36e+42,1.94e+40
12079.5,4.27e+42,2.51e+40
12087.5,4.28e+42,2.02e+40
12095.6,4.29e+42,1.99e+40
12103.7,4.28e+42,2.04e+40
12111.7,4.26e+42,2e+40
12119.8,4.25e+42,2.03e+40
12127.9,4.3e+42,2.08e+40
12136.0,4.23e+42,2.06e+40
12144.1,4.28e+42,2.15e+40
12152.2,4.27e+42,2.21e+40
12160.3,4.27e+42,2.15e+40
12168.4,4.25e+42,2.11e+40
12176.5,4.25e+42,2.17e+40
12184.6,4.26e+42,2.63e+40
12192.8,4.23e+42,2.18e+40
12200.9,4.22e+42,2.19e+40
12209.0,4.23e+42,2.13e+40
12217.2,4.25e+42,2.14e+40
12225.3,4.22e+42,2.08e+40
12233.5,4.28e+42,2.11e+40
12241.6,4.25e+42,2.12e+40
12249.8,4.25e+42,2.14e+40
12258.0,4.28e+42,2.2e+40
12266.1,4.29e+42,2.39e+40
12274.3,4.26e+42,2.22e+40
12282.5,4.3e+42,2.12e+40
12290.7,4.29e+42,2.21e+40
12298.9,4.33e+42,2.33e+40
12307.1,4.3e+42,2.22e+40
12315.3,4.3e+42,2.2e+40
12323.5,4.31e+42,2.26e+40
12331.7,4.28e+42,2.18e+40
12339.9,4.32e+42,2.21e+40
12348.2,4.31e+42,2.35e+40
12356.4,4.29e+42,2.25e+40
12364.7,4.28e+42,2.32e+40
12372.9,4.29e+42,2.18e+40
12381.1,4.31e+42,2.22e+40
12389.4,4.31e+42,2.43e+40
12397.7,4.32e+42,2.26e+40
12405.9,4.32e+42,2.29e+40
12414.2,4.3e+42,2.27e+40
12422.5,4.27e+42,2.4e+40
12430.8,4.35e+42,2.38e+40
12439.1,4.34e+42,2.24e+40
12447.4,4.36e+42,2.2e+40
12455.7,4.35e+42,2.32e+40
12464.0,4.34e+42,2.4e+40
12472.3,4.4e+42,2.36e+40
12480.6,4.35e+42,2.32e+40
12488.9,4.33e+42,2.28e+40
12497.2,4.37e+42,2.3e+40
12505.6,4.33e+42,2.5e+40
12513.9,4.32e+42,2.39e+40
12522.3,4.41e+42,2.41e+40
12530.6,4.39e+42,2.54e+40
12539.0,4.35e+42,2.51e+40
12547.3,4.37e+42,2.5e+40
12555.7,4.36e+42,2.61e+40
12564.1,4.43e+42,2.58e+40
12572.5,4.44e+42,2.52e+40
12580.8,4.47e+42,2.67e+40
12589.2,4.49e+42,2.57e+40
12597.6,4.43e+42,2.62e+40
12606.0,4.49e+42,2.54e+40
12614.4,4.55e+42,2.51e+40
12622.8,4.52e+42,2.48e+40
12631.3,4.53e+42,2.48e+40
12639.7,4.6e+42,2.45e+40
12648.1,4.6e+42,2.95e+40
12656.6,4.64e+42,3.21e+40
12665.0,4.68e+42,2.72e+40
12673.4,4.65e+42,2.64e+40
12681.9,4.71e+42,2.76e+40
12690.3,4.8e+42,2.57e+40
12698.8,4.79e+42,2.6e+40
12707.3,4.91e+42,2.53e+40
12715.8,4.95e+42,2.7e+40
12724.2,5.04e+42,2.58e+40
12732.7,5.09e+42,2.72e+40
12741.2,5.19e+42,2.65e+40
12749.7,5.29e+42,2.74e+40
12758.2,5.4e+42,2.72e+40
12766.7,5.55e+42,2.81e+40
12775.2,5.66e+42,3.03e+40
12783.8,5.87e+42,3.11e+40
12792.3,6e+42,2.92e+40
12800.8,6.2e+42,2.96e+40
12809.3,6.39e+42,3.01e+40
12817.9,6.31e+42,3.13e+40
12826.4,6.22e+42,3.08e+40
12835.0,6.17e+42,3.34e+40
12843.6,6.07e+42,3.52e+40
12852.1,6.01e+42,3.07e+40
12860.7,5.83e+42,3.03e+40
12869.3,5.69e+42,3.05e+40
12877.8,5.56e+42,3.27e+40
12886.4,5.43e+42,2.78e+40
12895.0,5.28e+42,2.94e+40
12903.6,5.2e+42,2.81e+40
12912.2,5.13e+42,2.95e+40
12920.8,4.93e+42,2.87e+40
12929.5,4.91e+42,3.2e+40
12938.1,4.9e+42,3.21e+40
12946.7,4.72e+42,5.11e+40
12955.3,4.76e+42,3.48e+40
12964.0,4.72e+42,2.99e+40
12972.6,4.63e+42,3.08e+40
12981.3,4.59e+42,3.53e+40
12989.9,4.59e+42,3.37e+40
12998.6,4.51e+42,3.26e+40
13007.3,4.49e+42,3.1e+40
13015.9,4.4e+42,4.31e+40
13024.6,4.46e+42,3.4e+40
13033.3,4.43e+42,3.56e+40
13042.0,4.44e+42,3.65e+40
13050.7,4.42e+42,3.3e+40
13059.4,4.35e+42,4.08e+40
13068.1,4.39e+42,3.26e+40
13076.8,4.37e+42,3.42e+40
13085.5,4.36e+42,3.91e+40
13094.3,4.35e+42,3.43e+40
13103.0,4.33e+42,3.41e+40
13111.7,4.3e+42,3.39e+40
13120.5,4.32e+42,3.27e+40
13129.2,4.27e+42,4.15e+40
13138.0,4.25e+42,3.63e+40
13146.8,4.4e+42,4.41e+40
13155.5,4.29e+42,3.68e+40
13164.3,4.32e+42,3.63e+40
13173.1,4.31e+42,3.65e+40
13181.9,4.27e+42,4.22e+40
13190.7,4.28e+42,5.09e+40
13199.4,4.31e+42,3.83e+40
13208.3,4.24e+42,7.14e+40
13217.1,4.28e+42,3.75e+40
13225.9,4.28e+42,3.71e+40
13234.7,4.25e+42,4.11e+40
13243.5,4.25e+42,3.86e+40
13252.4,4.14e+42,4.09e+40
13261.2,4.26e+42,3.52e+40
13270.0,4.21e+42,3.53e+40
13278.9,4.19e+42,3.55e+40
13287.7,4.17e+42,4.52e+40
13296.6,4.14e+42,6.98e+40
13305.5,4.18e+42,6.15e+40
13314.3,4.16e+42,3.63e+40
13323.2,4.21e+42,3.57e+40
13332.1,4.24e+42,3.62e+40
13341.0,4.25e+42,4.15e+40
13349.9,4.13e+42,4.07e+40
13358.8,4.24e+42,8.06e+40
13367.7,4.2e+42,5.37e+40
13376.6,4.28e+42,5.15e+40
13385.5,4.32e+42,8.41e+40
13394.5,4.17e+42,4.48e+40
13403.4,4.36e+42,6.21e+40
13412.3,4.3e+42,4.05e+40
13421.3,4.26e+42,3.99e+40
13430.2,4.16e+42,4.14e+40
13439.2,4.17e+42,4.37e+40
13448.2,4.16e+42,7.73e+40
13457.1,4.13e+42,5.17e+40
